"ID,Timestamp,Latitude,Longitude,Altitude_m,Speed_kmh,Accuracy_m"
"1,2025-10-19 08:15:22+05:30,14.927361,76.844233,552.1,45.3,5.2"
"2,2025-10-19 08:16:04+05:30,17.175447,74.983431,721.9,0.0,10.5"
"3,2025-10-19 08:16:46+05:30,12.971283,77.594222,920.3,22.1,3.0"
"4,2025-10-19 08:17:28+05:30,15.849695,74.497673,765.0,88.7,8.1"
"5,2025-10-19 08:18:10+05:30,12.305183,76.655151,770.8,0.0,12.0"
"6,2025-10-19 08:18:52+05:30,13.342244,77.592832,890.5,65.4,4.5"
"7,2025-10-19 08:19:34+05:30,12.924888,74.846543,22.4,5.9,6.7"
"8,2025-10-19 08:20:16+05:30,16.216022,77.356711,398.2,72.0,3.9"
"9,2025-10-19 08:20:58+05:30,15.337222,75.124000,604.6,0.0,15.0"
"10,2025-10-19 08:21:40+05:30,14.467333,75.921111,632.1,15.5,9.8"
"11,2025-10-19 08:22:22+05:30,17.981324,77.576899,450.7,95.1,4.2"
"12,2025-10-19 08:23:04+05:30,13.929929,75.568101,610.9,33.3,7.3"
"13,2025-10-19 08:23:46+05:30,12.295810,76.639381,768.5,10.2,5.0"
"14,2025-10-19 08:24:28+05:30,15.458920,75.007800,592.3,48.6,6.1"
"15,2025-10-19 08:25:10+05:30,12.875321,77.481978,915.6,78.2,3.5"
"16,2025-10-19 08:25:52+05:30,17.330000,78.480000,540.1,0.0,11.2"
"17,2025-10-19 08:26:34+05:30,12.971599,77.594563,921.0,35.7,4.8"
"18,2025-10-19 08:27:16+05:30,14.008200,75.783400,600.5,82.4,5.5"
"19,2025-10-19 08:27:58+05:30,16.837300,75.713900,595.3,0.0,13.1"
"20,2025-10-19 08:28:40+05:30,11.874300,75.370400,10.2,68.9,3.2"
"21,2025-10-19 08:29:22+05:30,15.139400,76.921400,533.9,25.0,7.9"
"22,2025-10-19 08:30:04+05:30,13.082700,80.270700,15.6,55.1,6.3"
"23,2025-10-19 08:30:46+05:30,18.455200,76.568900,622.7,0.0,10.0"
"24,2025-10-19 08:31:28+05:30,12.924888,74.846543,22.4,12.8,8.4"
"25,2025-10-19 08:32:10+05:30,15.364700,75.123900,605.0,0.0,14.5"
"26,2025-10-19 08:32:52+05:30,17.659900,75.906400,479.2,91.3,4.1"
"27,2025-10-19 08:33:34+05:30,13.342244,77.592832,890.5,42.6,5.8"
"28,2025-10-19 08:34:16+05:30,12.305183,76.655151,770.8,0.0,11.8"
"29,2025-10-19 08:34:58+05:30,15.849695,74.497673,765.0,75.2,6.9"
"30,2025-10-19 08:35:40+05:30,12.971283,77.594222,920.3,18.4,3.7"
"31,2025-10-19 08:36:22+05:30,17.175447,74.983431,721.9,0.0,9.9"
"32,2025-10-19 08:37:04+05:30,14.927361,76.844233,552.1,50.1,5.3"
"33,2025-10-19 08:37:46+05:30,16.216022,77.356711,398.2,66.7,4.0"
"34,2025-10-19 08:38:28+05:30,13.929929,75.568101,610.9,29.8,7.4"
"35,2025-10-19 08:39:10+05:30,12.295810,76.639381,768.5,8.5,5.1"
"36,2025-10-19 08:39:52+05:30,15.458920,75.007800,592.3,43.2,6.2"
"37,2025-10-19 08:40:34+05:30,12.875321,77.481978,915.6,81.0,3.6"
"38,2025-10-19 08:41:16+05:30,17.981324,77.576899,450.7,99.9,4.3"
"39,2025-10-19 08:41:58+05:30,14.467333,75.921111,632.1,19.9,9.7"
"40,2025-10-19 08:42:40+05:30,12.924888,74.846543,22.4,0.0,12.3"
"41,2025-10-19 08:43:22+05:30,15.337222,75.124000,604.6,0.0,15.1"
"42,2025-10-19 08:44:04+05:30,13.342244,77.592832,890.5,70.1,4.6"
"43,2025-10-19 08:44:46+05:30,12.305183,76.655151,770.8,2.3,11.9"
"44,2025-10-19 08:45:28+05:30,15.849695,74.497673,765.0,85.5,8.0"
"45,2025-10-19 08:46:10+05:30,12.971283,77.594222,920.3,25.6,3.1"
"46,2025-10-19 08:46:52+05:30,17.175447,74.983431,721.9,0.0,10.6"
"47,2025-10-19 08:47:34+05:30,14.927361,76.844233,552.1,48.8,5.4"
"48,2025-10-19 08:48:16+05:30,16.216022,77.356711,398.2,75.3,3.8"
"49,2025-10-19 08:48:58+05:30,13.929929,75.568101,610.9,38.9,7.2"
"50,2025-10-19 08:49:40+05:30,12.295810,76.639381,768.5,15.7,5.2"
"51,2025-10-19 08:50:22+05:30,14.0772,74.5379,18.0,60.2,4.8"
"52,2025-10-19 08:51:04+05:30,12.9231,77.6061,900.2,33.1,3.5"
"53,2025-10-19 08:51:46+05:30,15.9129,74.9928,750.8,0.0,11.0"
"54,2025-10-19 08:52:28+05:30,13.3512,74.7461,12.5,45.9,6.2"
"55,2025-10-19 08:53:10+05:30,17.2933,76.8343,420.3,88.4,5.1"
"56,2025-10-19 08:53:52+05:30,12.8409,77.6763,912.1,21.7,7.8"
"57,2025-10-19 08:54:34+05:30,15.1394,76.9214,534.5,0.0,9.5"
"58,2025-10-19 08:55:16+05:30,13.1989,77.7069,895.9,72.3,4.0"
"59,2025-10-19 08:55:58+05:30,12.5843,76.2177,810.7,15.0,8.6"
"60,2025-10-19 08:56:40+05:30,16.7600,77.2700,405.6,95.0,3.3"
"61,2025-10-19 08:57:22+05:30,12.9716,77.5946,920.0,0.0,14.2"
"62,2025-10-19 08:58:04+05:30,15.4589,75.0078,592.3,55.5,6.5"
"63,2025-10-19 08:58:46+05:30,12.8753,77.4820,915.6,80.1,3.8"
"64,2025-10-19 08:59:28+05:30,17.9813,77.5769,450.7,101.2,4.4"
"65,2025-10-19 09:00:10+05:30,14.4673,75.9211,632.1,22.8,9.6"
"66,2025-10-19 09:00:52+05:30,12.9249,74.8465,22.4,8.1,12.2"
"67,2025-10-19 09:01:34+05:30,15.3372,75.1240,604.6,0.0,15.2"
"68,2025-10-19 09:02:16+05:30,13.3422,77.5928,890.5,68.9,4.7"
"69,2025-10-19 09:02:58+05:30,12.3052,76.6552,770.8,4.5,11.7"
"70,2025-10-19 09:03:40+05:30,15.8497,74.4977,765.0,82.1,8.2"
"71,2025-10-19 09:04:22+05:30,12.9713,77.5942,920.3,28.3,3.2"
"72,2025-10-19 09:05:04+05:30,17.1754,74.9834,721.9,0.0,10.7"
"73,2025-10-19 09:05:46+05:30,14.9274,76.8442,552.1,51.6,5.1"
"74,2025-10-19 09:06:28+05:30,16.2160,77.3567,398.2,78.8,3.9"
"75,2025-10-19 09:07:10+05:30,13.9299,75.5681,610.9,41.4,7.1"
"76,2025-10-19 09:07:52+05:30,12.2958,76.6394,768.5,19.3,5.3"
"77,2025-10-19 09:08:34+05:30,14.0772,74.5379,18.0,58.0,4.9"
"78,2025-10-19 09:09:16+05:30,12.9231,77.6061,900.2,30.5,3.6"
"79,2025-10-19 09:09:58+05:30,15.9129,74.9928,750.8,0.0,11.1"
"80,2025-10-19 09:10:40+05:30,13.3512,74.7461,12.5,42.7,6.3"
"81,2025-10-19 09:11:22+05:30,17.2933,76.8343,420.3,91.0,5.0"
"82,2025-10-19 09:12:04+05:30,12.8409,77.6763,912.1,18.9,7.9"
"83,2025-10-19 09:12:46+05:30,15.1394,76.9214,534.5,0.0,9.6"
"84,2025-10-19 09:13:28+05:30,13.1989,77.7069,895.9,69.5,4.1"
"85,2025-10-19 09:14:10+05:30,12.5843,76.2177,810.7,12.1,8.7"
"86,2025-10-19 09:14:52+05:30,16.7600,77.2700,405.6,98.2,3.4"
"87,2025-10-19 09:15:34+05:30,12.9716,77.5946,920.0,0.0,14.3"
"88,2025-10-19 09:16:16+05:30,15.4589,75.0078,592.3,51.8,6.6"
"89,2025-10-19 09:16:58+05:30,12.8753,77.4820,915.6,77.3,3.9"
"90,2025-10-19 09:17:40+05:30,17.9813,77.5769,450.7,103.5,4.5"
"91,2025-10-19 09:18:22+05:30,14.4673,75.9211,632.1,25.4,9.5"
"92,2025-10-19 09:19:04+05:30,12.9249,74.8465,22.4,3.2,12.4"
"93,2025-10-19 09:19:46+05:30,15.3372,75.1240,604.6,0.0,15.3"
"94,2025-10-19 09:20:28+05:30,13.3422,77.5928,890.5,71.5,4.8"
"95,2025-10-19 09:21:10+05:30,12.3052,76.6552,770.8,6.8,11.6"
"96,2025-10-19 09:21:52+05:30,15.8497,74.4977,765.0,80.0,8.3"
"97,2025-10-19 09:22:34+05:30,12.9713,77.5942,920.3,30.9,3.3"
"98,2025-10-19 09:23:16+05:30,17.1754,74.9834,721.9,0.0,10.8"
"99,2025-10-19 09:23:58+05:30,14.9274,76.8442,552.1,54.2,5.0"
"100,2025-10-19 09:24:40+05:30,16.2160,77.3567,398.2,81.3,4.0"
"101,2025-10-19 09:25:22+05:30,13.4355,77.7606,870.1,55.3,4.2"
"102,2025-10-19 09:26:04+05:30,12.4924,75.0275,35.7,23.8,7.5"
"103,2025-10-19 09:26:46+05:30,15.4989,75.1667,650.4,0.0,12.1"
"104,2025-10-19 09:27:28+05:30,14.1283,74.8361,5.2,78.1,3.9"
"105,2025-10-19 09:28:10+05:30,16.8462,74.5947,560.9,42.0,6.8"
"106,2025-10-19 09:28:52+05:30,12.9141,77.6245,905.6,0.0,10.3"
"107,2025-10-19 09:29:34+05:30,13.9299,75.5681,611.3,89.5,5.7"
"108,2025-10-19 09:30:16+05:30,15.0116,76.4607,488.0,11.2,9.1"
"109,2025-10-19 09:30:58+05:30,12.3115,76.6121,760.7,66.6,4.6"
"110,2025-10-19 09:31:40+05:30,17.9176,75.3175,470.5,93.2,3.1"
"111,2025-10-19 09:32:22+05:30,13.0827,80.2707,15.8,0.0,14.9"
"112,2025-10-19 09:33:04+05:30,16.2160,77.3567,398.2,77.7,6.4"
"113,2025-10-19 09:33:46+05:30,12.8753,77.4820,915.6,83.4,3.7"
"114,2025-10-19 09:34:28+05:30,14.4673,75.9211,632.1,28.0,9.4"
"115,2025-10-19 09:35:10+05:30,15.3372,75.1240,604.6,0.0,15.4"
"116,2025-10-19 09:35:52+05:30,12.9713,77.5942,920.3,33.5,3.4"
"117,2025-10-19 09:36:34+05:30,15.8497,74.4977,765.0,77.2,8.4"
"118,2025-10-19 09:37:16+05:30,13.3422,77.5928,890.5,74.1,4.9"
"119,2025-10-19 09:37:58+05:30,12.2958,76.6394,768.5,22.9,5.4"
"120,2025-10-19 09:38:40+05:30,17.1754,74.9834,721.9,0.0,10.9"
"121,2025-10-19 09:39:22+05:30,14.9274,76.8442,552.1,56.8,5.1"
"122,2025-10-19 09:40:04+05:30,13.4355,77.7606,870.1,52.1,4.3"
"123,2025-10-19 09:40:46+05:30,12.4924,75.0275,35.7,20.6,7.6"
"124,2025-10-19 09:41:28+05:30,15.4989,75.1667,650.4,0.0,12.2"
"125,2025-10-19 09:42:10+05:30,14.1283,74.8361,5.2,81.3,3.8"
"126,2025-10-19 09:42:52+05:30,16.8462,74.5947,560.9,39.2,6.9"
"127,2025-10-19 09:43:34+05:30,12.9141,77.6245,905.6,0.0,10.4"
"128,2025-10-19 09:44:16+05:30,13.9299,75.5681,611.3,92.1,5.6"
"129,2025-10-19 09:44:58+05:30,15.0116,76.4607,488.0,8.4,9.2"
"130,2025-10-19 09:45:40+05:30,12.3115,76.6121,760.7,63.8,4.7"
"131,2025-10-19 09:46:22+05:30,17.9176,75.3175,470.5,95.8,3.2"
"132,2025-10-19 09:47:04+05:30,13.0827,80.2707,15.8,0.0,15.0"
"133,2025-10-19 09:47:46+05:30,16.2160,77.3567,398.2,80.3,6.3"
"134,2025-10-19 09:48:28+05:30,12.8753,77.4820,915.6,86.0,3.6"
"135,2025-10-19 09:49:10+05:30,14.4673,75.9211,632.1,30.6,9.3"
"136,2025-10-19 09:49:52+05:30,15.3372,75.1240,604.6,0.0,15.5"
"137,2025-10-19 09:50:34+05:30,12.9713,77.5942,920.3,36.1,3.5"
"138,2025-10-19 09:51:16+05:30,15.8497,74.4977,765.0,74.4,8.5"
"139,2025-10-19 09:51:58+05:30,13.3422,77.5928,890.5,76.7,5.0"
"140,2025-10-19 09:52:40+05:30,12.2958,76.6394,768.5,26.5,5.5"
"141,2025-10-19 09:53:22+05:30,17.1754,74.9834,721.9,0.0,11.0"
"142,2025-10-19 09:54:04+05:30,14.9274,76.8442,552.1,59.4,4.9"
"143,2025-10-19 09:54:46+05:30,13.4355,77.7606,870.1,49.0,4.4"
"144,2025-10-19 09:55:28+05:30,12.4924,75.0275,35.7,17.4,7.7"
"145,2025-10-19 09:56:10+05:30,15.4989,75.1667,650.4,0.0,12.3"
"146,2025-10-19 09:56:52+05:30,14.1283,74.8361,5.2,84.5,3.7"
"147,2025-10-19 09:57:34+05:30,16.8462,74.5947,560.9,36.4,7.0"
"148,2025-10-19 09:58:16+05:30,12.9141,77.6245,905.6,0.0,10.5"
"149,2025-10-19 09:58:58+05:30,13.9299,75.5681,611.3,94.7,5.5"
"150,2025-10-19 09:59:40+05:30,15.0116,76.4607,488.0,5.6,9.3"
"151,2025-10-19 10:00:22+05:30,12.3115,76.6121,760.7,61.0,4.8"
"152,2025-10-19 10:01:04+05:30,17.9176,75.3175,470.5,98.4,3.3"
"153,2025-10-19 10:01:46+05:30,13.0827,80.2707,15.8,0.0,15.1"
"154,2025-10-19 10:02:28+05:30,16.2160,77.3567,398.2,82.9,6.2"
"155,2025-10-19 10:03:10+05:30,12.8753,77.4820,915.6,88.6,3.5"
"156,2025-10-19 10:03:52+05:30,14.4673,75.9211,632.1,33.2,9.2"
"157,2025-10-19 10:04:34+05:30,15.3372,75.1240,604.6,0.0,15.6"
"158,2025-10-19 10:05:16+05:30,12.9713,77.5942,920.3,38.7,3.6"
"159,2025-10-19 10:05:58+05:30,15.8497,74.4977,765.0,71.6,8.6"
"160,2025-10-19 10:06:40+05:30,13.3422,77.5928,890.5,79.3,5.1"
"161,2025-10-19 10:07:22+05:30,12.2958,76.6394,768.5,30.1,5.6"
"162,2025-10-19 10:08:04+05:30,17.1754,74.9834,721.9,0.0,11.1"
"163,2025-10-19 10:08:46+05:30,14.9274,76.8442,552.1,62.0,4.8"
"164,2025-10-19 10:09:28+05:30,13.4355,77.7606,870.1,45.9,4.5"
"165,2025-10-19 10:10:10+05:30,12.4924,75.0275,35.7,14.2,7.8"
"166,2025-10-19 10:10:52+05:30,15.4989,75.1667,650.4,0.0,12.4"
"167,2025-10-19 10:11:34+05:30,14.1283,74.8361,5.2,87.7,3.6"
"168,2025-10-19 10:12:16+05:30,16.8462,74.5947,560.9,33.6,7.1"
"169,2025-10-19 10:12:58+05:30,12.9141,77.6245,905.6,0.0,10.6"
"170,2025-10-19 10:13:40+05:30,13.9299,75.5681,611.3,97.3,5.4"
"171,2025-10-19 10:14:22+05:30,15.0116,76.4607,488.0,2.8,9.4"
"172,2025-10-19 10:15:04+05:30,12.3115,76.6121,760.7,58.2,4.9"
"173,2025-10-19 10:15:46+05:30,17.9176,75.3175,470.5,101.0,3.4"
"174,2025-10-19 10:16:28+05:30,13.0827,80.2707,15.8,0.0,15.2"
"175,2025-10-19 10:17:10+05:30,16.2160,77.3567,398.2,85.5,6.1"
"176,2025-10-19 10:17:52+05:30,12.8753,77.4820,915.6,91.2,3.4"
"177,2025-10-19 10:18:34+05:30,14.4673,75.9211,632.1,35.8,9.1"
"178,2025-10-19 10:19:16+05:30,15.3372,75.1240,604.6,0.0,15.7"
"179,2025-10-19 10:19:58+05:30,12.9713,77.5942,920.3,41.3,3.7"
"180,2025-10-19 10:20:40+05:30,15.8497,74.4977,765.0,68.8,8.7"
"181,2025-10-19 10:21:22+05:30,13.3422,77.5928,890.5,81.9,5.2"
"182,2025-10-19 10:22:04+05:30,12.2958,76.6394,768.5,33.7,5.7"
"183,2025-10-19 10:22:46+05:30,17.1754,74.9834,721.9,0.0,11.2"
"184,2025-10-19 10:23:28+05:30,14.9274,76.8442,552.1,64.6,4.7"
"185,2025-10-19 10:24:10+05:30,13.4355,77.7606,870.1,42.8,4.6"
"186,2025-10-19 10:24:52+05:30,12.4924,75.0275,35.7,11.0,7.9"
"187,2025-10-19 10:25:34+05:30,15.4989,75.1667,650.4,0.0,12.5"
"188,2025-10-19 10:26:16+05:30,14.1283,74.8361,5.2,90.9,3.5"
"189,2025-10-19 10:26:58+05:30,16.8462,74.5947,560.9,30.8,7.2"
"190,2025-10-19 10:27:40+05:30,12.9141,77.6245,905.6,0.0,10.7"
"191,2025-10-19 10:28:22+05:30,13.9299,75.5681,611.3,99.9,5.3"
"192,2025-10-19 10:29:04+05:30,15.0116,76.4607,488.0,0.0,9.5"
"193,2025-10-19 10:29:46+05:30,12.3115,76.6121,760.7,55.4,5.0"
"194,2025-10-19 10:30:28+05:30,17.9176,75.3175,470.5,103.6,3.5"
"195,2025-10-19 10:31:10+05:30,13.0827,80.2707,15.8,0.0,15.3"
"196,2025-10-19 10:31:52+05:30,16.2160,77.3567,398.2,88.1,6.0"
"197,2025-10-19 10:32:34+05:30,12.8753,77.4820,915.6,93.8,3.3"
"198,2025-10-19 10:33:16+05:30,14.4673,75.9211,632.1,38.4,9.0"
"199,2025-10-19 10:33:58+05:30,15.3372,75.1240,604.6,0.0,15.8"
"200,2025-10-19 10:34:40+05:30,12.9713,77.5942,920.3,43.9,3.8"
"201,2025-10-19 10:35:22+05:30,16.6521,77.3323,390.4,85.1,4.5"
"202,2025-10-19 10:36:04+05:30,12.8986,74.8784,25.9,12.7,8.2"
"203,2025-10-19 10:36:46+05:30,15.3194,76.4675,500.1,0.0,11.5"
"204,2025-10-19 10:37:28+05:30,13.7226,77.1039,810.0,92.6,3.2"
"205,2025-10-19 10:38:10+05:30,14.6067,77.6053,670.3,55.0,7.1"
"206,2025-10-19 10:38:52+05:30,12.9345,77.5817,915.8,0.0,9.9"
"207,2025-10-19 10:39:34+05:30,17.4244,74.1953,680.7,77.4,5.8"
"208,2025-10-19 10:40:16+05:30,12.3562,75.7669,1050.2,28.9,6.4"
"209,2025-10-19 10:40:58+05:30,15.8333,78.0500,320.6,105.3,4.0"
"210,2025-10-19 10:41:40+05:30,13.1389,76.2417,985.4,49.1,8.3"
"211,2025-10-19 10:42:22+05:30,12.9716,77.5946,920.0,0.0,13.8"
"212,2025-10-19 10:43:04+05:30,16.6521,77.3323,390.4,81.9,4.6"
"213,2025-10-19 10:43:46+05:30,12.8986,74.8784,25.9,9.5,8.3"
"214,2025-10-19 10:44:28+05:30,15.3194,76.4675,500.1,0.0,11.6"
"215,2025-10-19 10:45:10+05:30,13.7226,77.1039,810.0,95.2,3.1"
"216,2025-10-19 10:45:52+05:30,14.6067,77.6053,670.3,58.6,7.0"
"217,2025-10-19 10:46:34+05:30,12.9345,77.5817,915.8,0.0,10.0"
"218,2025-10-19 10:47:16+05:30,17.4244,74.1953,680.7,74.2,5.9"
"219,2025-10-19 10:47:58+05:30,12.3562,75.7669,1050.2,31.5,6.5"
"220,2025-10-19 10:48:40+05:30,15.8333,78.0500,320.6,108.0,3.9"
"221,2025-10-19 10:49:22+05:30,13.1389,76.2417,985.4,52.7,8.2"
"222,2025-10-19 10:50:04+05:30,12.9716,77.5946,920.0,0.0,13.9"
"223,2025-10-19 10:50:46+05:30,16.6521,77.3323,390.4,78.7,4.7"
"224,2025-10-19 10:51:28+05:30,12.8986,74.8784,25.9,6.3,8.4"
"225,2025-10-19 10:52:10+05:30,15.3194,76.4675,500.1,0.0,11.7"
"226,2025-10-19 10:52:52+05:30,13.7226,77.1039,810.0,97.8,3.0"
"227,2025-10-19 10:53:34+05:30,14.6067,77.6053,670.3,61.2,6.9"
"228,2025-10-19 10:54:16+05:30,12.9345,77.5817,915.8,0.0,10.1"
"229,2025-10-19 10:54:58+05:30,17.4244,74.1953,680.7,71.0,6.0"
"230,2025-10-19 10:55:40+05:30,12.3562,75.7669,1050.2,34.1,6.6"
"231,2025-10-19 10:56:22+05:30,15.8333,78.0500,320.6,110.7,3.8"
"232,2025-10-19 10:57:04+05:30,13.1389,76.2417,985.4,56.3,8.1"
"233,2025-10-19 10:57:46+05:30,12.9716,77.5946,920.0,0.0,14.0"
"234,2025-10-19 10:58:28+05:30,16.6521,77.3323,390.4,75.5,4.8"
"235,2025-10-19 10:59:10+05:30,12.8986,74.8784,25.9,3.1,8.5"
"236,2025-10-19 10:59:52+05:30,15.3194,76.4675,500.1,0.0,11.8"
"237,2025-10-19 11:00:34+05:30,13.7226,77.1039,810.0,100.4,2.9"
"238,2025-10-19 11:01:16+05:30,14.6067,77.6053,670.3,63.8,6.8"
"239,2025-10-19 11:01:58+05:30,12.9345,77.5817,915.8,0.0,10.2"
"240,2025-10-19 11:02:40+05:30,17.4244,74.1953,680.7,67.8,6.1"
"241,2025-10-19 11:03:22+05:30,12.3562,75.7669,1050.2,36.7,6.7"
"242,2025-10-19 11:04:04+05:30,15.8333,78.0500,320.6,113.4,3.7"
"243,2025-10-19 11:04:46+05:30,13.1389,76.2417,985.4,59.9,8.0"
"244,2025-10-19 11:05:28+05:30,12.9716,77.5946,920.0,0.0,14.1"
"245,2025-10-19 11:06:10+05:30,16.6521,77.3323,390.4,72.3,4.9"
"246,2025-10-19 11:06:52+05:30,12.8986,74.8784,25.9,0.0,8.6"
"247,2025-10-19 11:07:34+05:30,15.3194,76.4675,500.1,0.0,11.9"
"248,2025-10-19 11:08:16+05:30,13.7226,77.1039,810.0,103.0,2.8"
"249,2025-10-19 11:08:58+05:30,14.6067,77.6053,670.3,66.4,6.7"
"250,2025-10-19 11:09:40+05:30,12.9345,77.5817,915.8,0.0,10.3"
"251,2025-10-19 11:10:22+05:30,16.4866,74.9622,680.5,65.7,5.3"
"252,2025-10-19 11:11:04+05:30,12.6392,77.6974,925.1,38.2,4.1"
"253,2025-10-19 11:11:46+05:30,15.8273,74.4925,770.9,0.0,10.8"
"254,2025-10-19 11:12:28+05:30,13.8428,74.7550,8.9,82.4,6.0"
"255,2025-10-19 11:13:10+05:30,17.0396,76.8406,430.2,99.1,4.8"
"256,2025-10-19 11:13:52+05:30,12.7208,77.5843,899.7,19.3,8.1"
"257,2025-10-19 11:14:34+05:30,15.1432,76.4682,533.0,0.0,9.2"
"258,2025-10-19 11:15:16+05:30,13.3408,77.1034,845.6,88.7,3.6"
"259,2025-10-19 11:15:58+05:30,12.2514,76.6212,755.3,42.5,8.9"
"260,2025-10-19 11:16:40+05:30,16.7628,75.0569,598.1,102.7,3.0"
"261,2025-10-19 11:17:22+05:30,12.9941,77.5945,921.5,0.0,14.5"
"262,2025-10-19 11:18:04+05:30,16.4866,74.9622,680.5,62.1,5.4"
"263,2025-10-19 11:18:46+05:30,12.6392,77.6974,925.1,41.8,4.0"
"264,2025-10-19 11:19:28+05:30,15.8273,74.4925,770.9,0.0,10.9"
"265,2025-10-19 11:20:10+05:30,13.8428,74.7550,8.9,79.0,6.1"
"266,2025-10-19 11:20:52+05:30,17.0396,76.8406,430.2,101.3,4.7"
"267,2025-10-19 11:21:34+05:30,12.7208,77.5843,899.7,15.7,8.2"
"268,2025-10-19 11:22:16+05:30,15.1432,76.4682,533.0,0.0,9.3"
"269,2025-10-19 11:22:58+05:30,13.3408,77.1034,845.6,91.3,3.7"
"270,2025-10-19 11:23:40+05:30,12.2514,76.6212,755.3,46.1,8.8"
"271,2025-10-19 11:24:22+05:30,16.7628,75.0569,598.1,105.3,2.9"
"272,2025-10-19 11:25:04+05:30,12.9941,77.5945,921.5,0.0,14.6"
"273,2025-10-19 11:25:46+05:30,16.4866,74.9622,680.5,58.5,5.5"
"274,2025-10-19 11:26:28+05:30,12.6392,77.6974,925.1,45.4,3.9"
"275,2025-10-19 11:27:10+05:30,15.8273,74.4925,770.9,0.0,11.0"
"276,2025-10-19 11:27:52+05:30,13.8428,74.7550,8.9,75.6,6.2"
"277,2025-10-19 11:28:34+05:30,17.0396,76.8406,430.2,103.5,4.6"
"278,2025-10-19 11:29:16+05:30,12.7208,77.5843,899.7,12.1,8.3"
"279,2025-10-19 11:29:58+05:30,15.1432,76.4682,533.0,0.0,9.4"
"280,2025-10-19 11:30:40+05:30,13.3408,77.1034,845.6,93.9,3.8"
"281,2025-10-19 11:31:22+05:30,12.2514,76.6212,755.3,49.7,8.7"
"282,2025-10-19 11:32:04+05:30,16.7628,75.0569,598.1,107.9,2.8"
"283,2025-10-19 11:32:46+05:30,12.9941,77.5945,921.5,0.0,14.7"
"284,2025-10-19 11:33:28+05:30,16.4866,74.9622,680.5,54.9,5.6"
"285,2025-10-19 11:34:10+05:30,12.6392,77.6974,925.1,49.0,3.8"
"286,2025-10-19 11:34:52+05:30,15.8273,74.4925,770.9,0.0,11.1"
"287,2025-10-19 11:35:34+05:30,13.8428,74.7550,8.9,72.2,6.3"
"288,2025-10-19 11:36:16+05:30,17.0396,76.8406,430.2,105.7,4.5"
"289,2025-10-19 11:36:58+05:30,12.7208,77.5843,899.7,8.5,8.4"
"290,2025-10-19 11:37:40+05:30,15.1432,76.4682,533.0,0.0,9.5"
"291,2025-10-19 11:38:22+05:30,13.3408,77.1034,845.6,96.5,3.9"
"292,2025-10-19 11:39:04+05:30,12.2514,76.6212,755.3,53.3,8.6"
"293,2025-10-19 11:39:46+05:30,16.7628,75.0569,598.1,110.5,2.7"
"294,2025-10-19 11:40:28+05:30,12.9941,77.5945,921.5,0.0,14.8"
"295,2025-10-19 11:41:10+05:30,16.4866,74.9622,680.5,51.3,5.7"
"296,2025-10-19 11:41:52+05:30,12.6392,77.6974,925.1,52.6,3.7"
"297,2025-10-19 11:42:34+05:30,15.8273,74.4925,770.9,0.0,11.2"
"288,2025-10-19 11:43:16+05:30,13.8428,74.7550,8.9,68.8,6.4"
"299,2025-10-19 11:43:58+05:30,17.0396,76.8406,430.2,107.9,4.4"
"300,2025-10-19 11:44:40+05:30,12.7208,77.5843,899.7,4.9,8.5"
"301,2025-10-19 11:45:22+05:30,11.6643,76.0129,2100.5,22.1,9.8"
"302,2025-10-19 11:46:04+05:30,18.5204,73.8567,560.2,95.3,3.1"
"303,2025-10-19 11:46:46+05:30,14.6819,77.5959,677.8,0.0,13.2"
"304,2025-10-19 11:47:28+05:30,12.2000,77.0000,800.0,68.4,5.6"
"305,2025-10-19 11:48:10+05:30,15.5527,73.7915,10.1,45.9,7.3"
"306,2025-10-19 11:48:52+05:30,13.5262,75.7658,1015.7,0.0,10.9"
"307,2025-10-19 11:49:34+05:30,17.3850,78.4867,542.3,110.0,2.8"
"308,2025-10-19 11:50:16+05:30,12.9248,77.6259,908.4,33.7,6.9"
"309,2025-10-19 11:50:58+05:30,15.0273,78.4871,290.5,88.2,4.2"
"310,2025-10-19 11:51:40+05:30,14.2372,76.9234,625.9,59.1,8.0"
"311,2025-10-19 11:52:22+05:30,12.9716,77.5946,920.0,0.0,12.7"
"312,2025-10-19 11:53:04+05:30,11.6643,76.0129,2100.5,19.3,9.9"
"313,2025-10-19 11:53:46+05:30,18.5204,73.8567,560.2,98.1,3.0"
"314,2025-10-19 11:54:28+05:30,14.6819,77.5959,677.8,0.0,13.3"
"315,2025-10-19 11:55:10+05:30,12.2000,77.0000,800.0,71.0,5.5"
"316,2025-10-19 11:55:52+05:30,15.5527,73.7915,10.1,49.5,7.2"
"317,2025-10-19 11:56:34+05:30,13.5262,75.7658,1015.7,0.0,11.0"
"318,2025-10-19 11:57:16+05:30,17.3850,78.4867,542.3,112.2,2.7"
"319,2025-10-19 11:57:58+05:30,12.9248,77.6259,908.4,36.3,6.8"
"320,2025-10-19 11:58:40+05:30,15.0273,78.4871,290.5,90.8,4.1"
"321,2025-10-19 11:59:22+05:30,14.2372,76.9234,625.9,61.7,7.9"
"322,2025-10-19 12:00:04+05:30,12.9716,77.5946,920.0,0.0,12.8"
"323,2025-10-19 12:00:46+05:30,11.6643,76.0129,2100.5,16.5,10.0"
"324,2025-10-19 12:01:28+05:30,18.5204,73.8567,560.2,100.9,2.9"
"325,2025-10-19 12:02:10+05:30,14.6819,77.5959,677.8,0.0,13.4"
"326,2025-10-19 12:02:52+05:30,12.2000,77.0000,800.0,73.6,5.4"
"327,2025-10-19 12:03:34+05:30,15.5527,73.7915,10.1,53.1,7.1"
"328,2025-10-19 12:04:16+05:30,13.5262,75.7658,1015.7,0.0,11.1"
"329,2025-10-19 12:04:58+05:30,17.3850,78.4867,542.3,114.4,2.6"
"330,2025-10-19 12:05:40+05:30,12.9248,77.6259,908.4,38.9,6.7"
"331,2025-10-19 12:06:22+05:30,15.0273,78.4871,290.5,93.4,4.0"
"332,2025-10-19 12:07:04+05:30,14.2372,76.9234,625.9,64.3,7.8"
"333,2025-10-19 12:07:46+05:30,12.9716,77.5946,920.0,0.0,12.9"
"334,2025-10-19 12:08:28+05:30,11.6643,76.0129,2100.5,13.7,10.1"
"335,2025-10-19 12:09:10+05:30,18.5204,73.8567,560.2,103.7,2.8"
"336,2025-10-19 12:09:52+05:30,14.6819,77.5959,677.8,0.0,13.5"
"337,2025-10-19 12:10:34+05:30,12.2000,77.0000,800.0,76.2,5.3"
"338,2025-10-19 12:11:16+05:30,15.5527,73.7915,10.1,56.7,7.0"
"339,2025-10-19 12:11:58+05:30,13.5262,75.7658,1015.7,0.0,11.2"
"340,2025-10-19 12:12:40+05:30,17.3850,78.4867,542.3,116.6,2.5"
"341,2025-10-19 12:13:22+05:30,12.9248,77.6259,908.4,41.5,6.6"
"342,2025-10-19 12:14:04+05:30,15.0273,78.4871,290.5,96.0,3.9"
"343,2025-10-19 12:14:46+05:30,14.2372,76.9234,625.9,66.9,7.7"
"344,2025-10-19 12:15:28+05:30,12.9716,77.5946,920.0,0.0,13.0"
"345,2025-10-19 12:16:10+05:30,11.6643,76.0129,2100.5,10.9,10.2"
"346,2025-10-19 12:16:52+05:30,18.5204,73.8567,560.2,106.5,2.7"
"347,2025-10-19 12:17:34+05:30,14.6819,77.5959,677.8,0.0,13.6"
"348,2025-10-19 12:18:16+05:30,12.2000,77.0000,800.0,78.8,5.2"
"349,2025-10-19 12:18:58+05:30,15.5527,73.7915,10.1,60.3,6.9"
"350,2025-10-19 12:19:40+05:30,13.5262,75.7658,1015.7,0.0,11.3"
"351,2025-10-19 12:20:22+05:30,14.3729,75.1475,605.8,77.3,6.2"
"352,2025-10-19 12:21:04+05:30,12.9698,77.7500,880.3,42.9,3.9"
"353,2025-10-19 12:21:46+05:30,15.1577,75.7677,590.1,0.0,12.6"
"354,2025-10-19 12:22:28+05:30,13.1979,74.7421,14.7,91.5,5.1"
"355,2025-10-19 12:23:10+05:30,16.2028,76.5333,410.6,68.2,7.4"
"356,2025-10-19 12:23:52+05:30,12.9833,76.1000,950.4,0.0,9.1"
"357,2025-10-19 12:24:34+05:30,14.8219,78.1158,350.9,101.8,4.3"
"358,2025-10-19 12:25:16+05:30,13.6288,77.3200,685.2,55.4,8.5"
"359,2025-10-19 12:25:58+05:30,12.5186,76.8951,780.0,22.6,6.1"
"360,2025-10-19 12:26:40+05:30,17.6599,75.9064,480.7,112.9,3.4"
"361,2025-10-19 12:27:22+05:30,12.9716,77.5946,920.0,0.0,14.4"
"362,2025-10-19 12:28:04+05:30,14.3729,75.1475,605.8,74.1,6.3"
"363,2025-10-19 12:28:46+05:30,12.9698,77.7500,880.3,46.5,3.8"
"364,2025-10-19 12:29:28+05:30,15.1577,75.7677,590.1,0.0,12.7"
"365,2025-10-19 12:30:10+05:30,13.1979,74.7421,14.7,88.1,5.2"
"366,2025-10-19 12:30:52+05:30,16.2028,76.5333,410.6,71.8,7.3"
"367,2025-10-19 12:31:34+05:30,12.9833,76.1000,950.4,0.0,9.2"
"368,2025-10-19 12:32:16+05:30,14.8219,78.1158,350.9,104.4,4.2"
"369,2025-10-19 12:32:58+05:30,13.6288,77.3200,685.2,58.0,8.4"
"370,2025-10-19 12:33:40+05:30,12.5186,76.8951,780.0,25.2,6.0"
"371,2025-10-19 12:34:22+05:30,17.6599,75.9064,480.7,115.5,3.3"
"372,2025-10-19 12:35:04+05:30,12.9716,77.5946,920.0,0.0,14.5"
"373,2025-10-19 12:35:46+05:30,14.3729,75.1475,605.8,70.9,6.4"
"374,2025-10-19 12:36:28+05:30,12.9698,77.7500,880.3,50.1,3.7"
"375,2025-10-19 12:37:10+05:30,15.1577,75.7677,590.1,0.0,12.8"
"376,2025-10-19 12:37:52+05:30,13.1979,74.7421,14.7,84.7,5.3"
"377,2025-10-19 12:38:34+05:30,16.2028,76.5333,410.6,75.4,7.2"
"378,2025-10-19 12:39:16+05:30,12.9833,76.1000,950.4,0.0,9.3"
"379,2025-10-19 12:39:58+05:30,14.8219,78.1158,350.9,107.0,4.1"
"380,2025-10-19 12:40:40+05:30,13.6288,77.3200,685.2,60.6,8.3"
"381,2025-10-19 12:41:22+05:30,12.5186,76.8951,780.0,27.8,5.9"
"382,2025-10-19 12:42:04+05:30,17.6599,75.9064,480.7,118.1,3.2"
"383,2025-10-19 12:42:46+05:30,12.9716,77.5946,920.0,0.0,14.6"
"384,2025-10-19 12:43:28+05:30,14.3729,75.1475,605.8,67.7,6.5"
"385,2025-10-19 12:44:10+05:30,12.9698,77.7500,880.3,53.7,3.6"
"386,2025-10-19 12:44:52+05:30,15.1577,75.7677,590.1,0.0,12.9"
"387,2025-10-19 12:45:34+05:30,13.1979,74.7421,14.7,81.3,5.4"
"388,2025-10-19 12:46:16+05:30,16.2028,76.5333,410.6,79.0,7.1"
"389,2025-10-19 12:46:58+05:30,12.9833,76.1000,950.4,0.0,9.4"
"390,2025-10-19 12:47:40+05:30,14.8219,78.1158,350.9,109.6,4.0"
"391,2025-10-19 12:48:22+05:30,13.6288,77.3200,685.2,63.2,8.2"
"392,2025-10-19 12:49:04+05:30,12.5186,76.8951,780.0,30.4,5.8"
"393,2025-10-19 12:49:46+05:30,17.6599,75.9064,480.7,120.7,3.1"
"394,2025-10-19 12:50:28+05:30,12.9716,77.5946,920.0,0.0,14.7"
"395,2025-10-19 12:51:10+05:30,14.3729,75.1475,605.8,64.5,6.6"
"396,2025-10-19 12:51:52+05:30,12.9698,77.7500,880.3,57.3,3.5"
"397,2025-10-19 12:52:34+05:30,15.1577,75.7677,590.1,0.0,13.0"
"398,2025-10-19 12:53:16+05:30,13.1979,74.7421,14.7,77.9,5.5"
"399,2025-10-19 12:53:58+05:30,16.2028,76.5333,410.6,82.6,7.0"
"400,2025-10-19 12:54:40+05:30,12.9833,76.1000,950.4,0.0,9.5"
"401,2025-10-19 12:55:22+05:30,12.1833,76.6500,740.2,55.1,4.7"
"402,2025-10-19 12:56:04+05:30,13.9300,77.7200,690.8,88.9,3.2"
"403,2025-10-19 12:56:46+05:30,15.2993,74.1240,20.5,0.0,11.8"
"404,2025-10-19 12:57:28+05:30,14.8351,74.9654,615.1,72.3,6.5"
"405,2025-10-19 12:58:10+05:30,12.8600,74.8400,22.0,33.0,7.9"
"406,2025-10-19 12:58:52+05:30,16.1667,76.0833,400.3,0.0,10.2"
"407,2025-10-19 12:59:34+05:30,13.1600,76.4800,980.6,105.7,4.4"
"408,2025-10-19 13:00:16+05:30,17.0600,77.0600,455.9,61.8,8.8"
"409,2025-10-19 13:00:58+05:30,12.3000,75.7833,1040.1,28.4,5.9"
"410,2025-10-19 13:01:40+05:30,15.8600,76.4700,430.7,98.6,3.6"
"411,2025-10-19 13:02:22+05:30,12.9716,77.5946,920.0,0.0,13.5"
"412,2025-10-19 13:03:04+05:30,12.1833,76.6500,740.2,52.3,4.8"
"413,2025-10-19 13:03:46+05:30,13.9300,77.7200,690.8,91.5,3.1"
"414,2025-10-19 13:04:28+05:30,15.2993,74.1240,20.5,0.0,11.9"
"415,2025-10-19 13:05:10+05:30,14.8351,74.9654,615.1,75.1,6.4"
"416,2025-10-19 13:05:52+05:30,12.8600,74.8400,22.0,36.6,7.8"
"417,2025-10-19 13:06:34+05:30,16.1667,76.0833,400.3,0.0,10.3"
"418,2025-10-19 13:07:16+05:30,13.1600,76.4800,980.6,108.3,4.3"
"419,2025-10-19 13:07:58+05:30,17.0600,77.0600,455.9,64.4,8.7"
"420,2025-10-19 13:08:40+05:30,12.3000,75.7833,1040.1,31.0,5.8"
"421,2025-10-19 13:09:22+05:30,15.8600,76.4700,430.7,101.2,3.5"
"422,2025-10-19 13:10:04+05:30,12.9716,77.5946,920.0,0.0,13.6"
"423,2025-10-19 13:10:46+05:30,12.1833,76.6500,740.2,49.5,4.9"
"424,2025-10-19 13:11:28+05:30,13.9300,77.7200,690.8,94.1,3.0"
"425,2025-10-19 13:12:10+05:30,15.2993,74.1240,20.5,0.0,12.0"
"426,2025-10-19 13:12:52+05:30,14.8351,74.9654,615.1,77.9,6.3"
"427,2025-10-19 13:13:34+05:30,12.8600,74.8400,22.0,40.2,7.7"
"428,2025-10-19 13:14:16+05:30,16.1667,76.0833,400.3,0.0,10.4"
"429,2025-10-19 13:14:58+05:30,13.1600,76.4800,980.6,110.9,4.2"
"430,2025-10-19 13:15:40+05:30,17.0600,77.0600,455.9,67.0,8.6"
"431,2025-10-19 13:16:22+05:30,12.3000,75.7833,1040.1,33.6,5.7"
"432,2025-10-19 13:17:04+05:30,15.8600,76.4700,430.7,103.8,3.4"
"433,2025-10-19 13:17:46+05:30,12.9716,77.5946,920.0,0.0,13.7"
"434,2025-10-19 13:18:28+05:30,12.1833,76.6500,740.2,46.7,5.0"
"435,2025-10-19 13:19:10+05:30,13.9300,77.7200,690.8,96.7,2.9"
"436,2025-10-19 13:19:52+05:30,15.2993,74.1240,20.5,0.0,12.1"
"437,2025-10-19 13:20:34+05:30,14.8351,74.9654,615.1,80.7,6.2"
"438,2025-10-19 13:21:16+05:30,12.8600,74.8400,22.0,43.8,7.6"
"439,2025-10-19 13:21:58+05:30,16.1667,76.0833,400.3,0.0,10.5"
"440,2025-10-19 13:22:40+05:30,13.1600,76.4800,980.6,113.5,4.1"
"441,2025-10-19 13:23:22+05:30,17.0600,77.0600,455.9,69.6,8.5"
"442,2025-10-19 13:24:04+05:30,12.3000,75.7833,1040.1,36.2,5.6"
"443,2025-10-19 13:24:46+05:30,15.8600,76.4700,430.7,106.4,3.3"
"444,2025-10-19 13:25:28+05:30,12.9716,77.5946,920.0,0.0,13.8"
"445,2025-10-19 13:26:10+05:30,12.1833,76.6500,740.2,43.9,5.1"
"446,2025-10-19 13:26:52+05:30,13.9300,77.7200,690.8,99.3,2.8"
"447,2025-10-19 13:27:34+05:30,15.2993,74.1240,20.5,0.0,12.2"
"448,2025-10-19 13:28:16+05:30,14.8351,74.9654,615.1,83.5,6.1"
"449,2025-10-19 13:28:58+05:30,12.8600,74.8400,22.0,47.4,7.5"
"450,2025-10-19 13:29:40+05:30,16.1667,76.0833,400.3,0.0,10.6"
"451,2025-10-19 13:30:22+05:30,14.3729,75.1475,605.8,77.3,6.2"
"452,2025-10-19 13:31:04+05:30,12.9698,77.7500,880.3,42.9,3.9"
"453,2025-10-19 13:31:46+05:30,15.1577,75.7677,590.1,0.0,12.6"
"454,2025-10-19 13:32:28+05:30,13.1979,74.7421,14.7,91.5,5.1"
"455,2025-10-19 13:33:10+05:30,16.2028,76.5333,410.6,68.2,7.4"
"456,2025-10-19 13:33:52+05:30,12.9833,76.1000,950.4,0.0,9.1"
"457,2025-10-19 13:34:34+05:30,14.8219,78.1158,350.9,101.8,4.3"
"458,2025-10-19 13:35:16+05:30,13.6288,77.3200,685.2,55.4,8.5"
"459,2025-10-19 13:35:58+05:30,12.5186,76.8951,780.0,22.6,6.1"
"460,2025-10-19 13:36:40+05:30,17.6599,75.9064,480.7,112.9,3.4"
"461,2025-10-19 13:37:22+05:30,12.9716,77.5946,920.0,0.0,14.4"
"462,2025-10-19 13:38:04+05:30,14.3729,75.1475,605.8,74.1,6.3"
"463,2025-10-19 13:38:46+05:30,12.9698,77.7500,880.3,46.5,3.8"
"464,2025-10-19 13:39:28+05:30,15.1577,75.7677,590.1,0.0,12.7"
"465,2025-10-19 13:40:10+05:30,13.1979,74.7421,14.7,88.1,5.2"
"466,2025-10-19 13:40:52+05:30,16.2028,76.5333,410.6,71.8,7.3"
"467,2025-10-19 13:41:34+05:30,12.9833,76.1000,950.4,0.0,9.2"
"468,2025-10-19 13:42:16+05:30,14.8219,78.1158,350.9,104.4,4.2"
"469,2025-10-19 13:42:58+05:30,13.6288,77.3200,685.2,58.0,8.4"
"470,2025-10-19 13:43:40+05:30,12.5186,76.8951,780.0,25.2,6.0"
"471,2025-10-19 13:44:22+05:30,17.6599,75.9064,480.7,115.5,3.3"
"472,2025-10-19 13:45:04+05:30,12.9716,77.5946,920.0,0.0,14.5"
"473,2025-10-19 13:45:46+05:30,14.3729,75.1475,605.8,70.9,6.4"
"474,2025-10-19 13:46:28+05:30,12.9698,77.7500,880.3,50.1,3.7"
"475,2025-10-19 13:47:10+05:30,15.1577,75.7677,590.1,0.0,12.8"
"476,2025-10-19 13:47:52+05:30,13.1979,74.7421,14.7,84.7,5.3"
"477,2025-10-19 13:48:34+05:30,16.2028,76.5333,410.6,75.4,7.2"
"478,2025-10-19 13:49:16+05:30,12.9833,76.1000,950.4,0.0,9.3"
"479,2025-10-19 13:49:58+05:30,14.8219,78.1158,350.9,107.0,4.1"
"480,2025-10-19 13:50:40+05:30,13.6288,77.3200,685.2,60.6,8.3"
"481,2025-10-19 13:51:22+05:30,12.5186,76.8951,780.0,27.8,5.9"
"482,2025-10-19 13:52:04+05:30,17.6599,75.9064,480.7,118.1,3.2"
"483,2025-10-19 13:52:46+05:30,12.9716,77.5946,920.0,0.0,14.6"
"484,2025-10-19 13:53:28+05:30,14.3729,75.1475,605.8,67.7,6.5"
"485,2025-10-19 13:54:10+05:30,12.9698,77.7500,880.3,53.7,3.6"
"486,2025-10-19 13:54:52+05:30,15.1577,75.7677,590.1,0.0,12.9"
"487,2025-10-19 13:55:34+05:30,13.1979,74.7421,14.7,81.3,5.4"
"488,2025-10-19 13:56:16+05:30,16.2028,76.5333,410.6,79.0,7.1"
"489,2025-10-19 13:56:58+05:30,12.9833,76.1000,950.4,0.0,9.4"
"490,2025-10-19 13:57:40+05:30,14.8219,78.1158,350.9,109.6,4.0"
"491,2025-10-19 13:58:22+05:30,13.6288,77.3200,685.2,63.2,8.2"
"492,2025-10-19 13:59:04+05:30,12.5186,76.8951,780.0,30.4,5.8"
"493,2025-10-19 13:59:46+05:30,17.6599,75.9064,480.7,120.7,3.1"
"494,2025-10-19 14:00:28+05:30,12.9716,77.5946,920.0,0.0,14.7"
"495,2025-10-19 14:01:10+05:30,14.3729,75.1475,605.8,64.5,6.6"
"496,2025-10-19 14:01:52+05:30,12.9698,77.7500,880.3,57.3,3.5"
"497,2025-10-19 14:02:34+05:30,15.1577,75.7677,590.1,0.0,13.0"
"498,2025-10-19 14:03:16+05:30,13.1979,74.7421,14.7,77.9,5.5"
"499,2025-10-19 14:03:58+05:30,16.2028,76.5333,410.6,82.6,7.0"
"500,2025-10-19 14:04:40+05:30,12.9833,76.1000,950.4,0.0,9.5"
"501,2025-10-19 14:05:22+05:30,12.1833,76.6500,740.2,55.1,4.7"
"502,2025-10-19 14:06:04+05:30,13.9300,77.7200,690.8,88.9,3.2"
"503,2025-10-19 14:06:46+05:30,15.2993,74.1240,20.5,0.0,11.8"
"504,2025-10-19 14:07:28+05:30,14.8351,74.9654,615.1,72.3,6.5"
"505,2025-10-19 14:08:10+05:30,12.8600,74.8400,22.0,33.0,7.9"
"506,2025-10-19 14:08:52+05:30,16.1667,76.0833,400.3,0.0,10.2"
"507,2025-10-19 14:09:34+05:30,13.1600,76.4800,980.6,105.7,4.4"
"508,2025-10-19 14:10:16+05:30,17.0600,77.0600,455.9,61.8,8.8"
"509,2025-10-19 14:10:58+05:30,12.3000,75.7833,1040.1,28.4,5.9"
"510,2025-10-19 14:11:40+05:30,15.8600,76.4700,430.7,98.6,3.6"
"511,2025-10-19 14:12:22+05:30,12.9716,77.5946,920.0,0.0,13.5"
"512,2025-10-19 14:13:04+05:30,12.1833,76.6500,740.2,52.3,4.8"
"513,2025-10-19 14:13:46+05:30,13.9300,77.7200,690.8,91.5,3.1"
"514,2025-10-19 14:14:28+05:30,15.2993,74.1240,20.5,0.0,11.9"
"515,2025-10-19 14:15:10+05:30,14.8351,74.9654,615.1,75.1,6.4"
"516,2025-10-19 14:15:52+05:30,12.8600,74.8400,22.0,36.6,7.8"
"517,2025-10-19 14:16:34+05:30,16.1667,76.0833,400.3,0.0,10.3"
"518,2025-10-19 14:17:16+05:30,13.1600,76.4800,980.6,108.3,4.3"
"519,2025-10-19 14:17:58+05:30,17.0600,77.0600,455.9,64.4,8.7"
"520,2025-10-19 14:18:40+05:30,12.3000,75.7833,1040.1,31.0,5.8"
"521,2025-10-19 14:19:22+05:30,15.8600,76.4700,430.7,101.2,3.5"
"522,2025-10-19 14:20:04+05:30,12.9716,77.5946,920.0,0.0,13.6"
"523,2025-10-19 14:20:46+05:30,12.1833,76.6500,740.2,49.5,4.9"
"524,2025-10-19 14:21:28+05:30,13.9300,77.7200,690.8,94.1,3.0"
"525,2025-10-19 14:22:10+05:30,15.2993,74.1240,20.5,0.0,12.0"
"526,2025-10-19 14:22:52+05:30,14.8351,74.9654,615.1,77.9,6.3"
"527,2025-10-19 14:23:34+05:30,12.8600,74.8400,22.0,40.2,7.7"
"528,2025-10-19 14:24:16+05:30,16.1667,76.0833,400.3,0.0,10.4"
"529,2025-10-19 14:24:58+05:30,13.1600,76.4800,980.6,110.9,4.2"
"530,2025-10-19 14:25:40+05:30,17.0600,77.0600,455.9,67.0,8.6"
"531,2025-10-19 14:26:22+05:30,12.3000,75.7833,1040.1,33.6,5.7"
"532,2025-10-19 14:27:04+05:30,15.8600,76.4700,430.7,103.8,3.4"
"533,2025-10-19 14:27:46+05:30,12.9716,77.5946,920.0,0.0,13.7"
"534,2025-10-19 14:28:28+05:30,12.1833,76.6500,740.2,46.7,5.0"
"535,2025-10-19 14:29:10+05:30,13.9300,77.7200,690.8,96.7,2.9"
"536,2025-10-19 14:29:52+05:30,15.2993,74.1240,20.5,0.0,12.1"
"537,2025-10-19 14:30:34+05:30,14.8351,74.9654,615.1,80.7,6.2"
"538,2025-10-19 14:31:16+05:30,12.8600,74.8400,22.0,43.8,7.6"
"539,2025-10-19 14:31:58+05:30,16.1667,76.0833,400.3,0.0,10.5"
"540,2025-10-19 14:32:40+05:30,13.1600,76.4800,980.6,113.5,4.1"
"541,2025-10-19 14:33:22+05:30,17.0600,77.0600,455.9,69.6,8.5"
"542,2025-10-19 14:34:04+05:30,12.3000,75.7833,1040.1,36.2,5.6"
"543,2025-10-19 14:34:46+05:30,15.8600,76.4700,430.7,106.4,3.3"
"544,2025-10-19 14:35:28+05:30,12.9716,77.5946,920.0,0.0,13.8"
"545,2025-10-19 14:36:10+05:30,12.1833,76.6500,740.2,43.9,5.1"
"546,2025-10-19 14:36:52+05:30,13.9300,77.7200,690.8,99.3,2.8"
"547,2025-10-19 14:37:34+05:30,15.2993,74.1240,20.5,0.0,12.2"
"548,2025-10-19 14:38:16+05:30,14.8351,74.9654,615.1,83.5,6.1"
"549,2025-10-19 14:38:58+05:30,12.8600,74.8400,22.0,47.4,7.5"
"550,2025-10-19 14:39:40+05:30,16.1667,76.0833,400.3,0.0,10.6"
"551,2025-10-19 14:40:22+05:30,14.3729,75.1475,605.8,77.3,6.2"
"552,2025-10-19 14:41:04+05:30,12.9698,77.7500,880.3,42.9,3.9"
"553,2025-10-19 14:41:46+05:30,15.1577,75.7677,590.1,0.0,12.6"
"554,2025-10-19 14:42:28+05:30,13.1979,74.7421,14.7,91.5,5.1"
"555,2025-10-19 14:43:10+05:30,16.2028,76.5333,410.6,68.2,7.4"
"556,2025-10-19 14:43:52+05:30,12.9833,76.1000,950.4,0.0,9.1"
"557,2025-10-19 14:44:34+05:30,14.8219,78.1158,350.9,101.8,4.3"
"558,2025-10-19 14:45:16+05:30,13.6288,77.3200,685.2,55.4,8.5"
"559,2025-10-19 14:45:58+05:30,12.5186,76.8951,780.0,22.6,6.1"
"560,2025-10-19 14:46:40+05:30,17.6599,75.9064,480.7,112.9,3.4"
"561,2025-10-19 14:47:22+05:30,12.9716,77.5946,920.0,0.0,14.4"
"562,2025-10-19 14:48:04+05:30,14.3729,75.1475,605.8,74.1,6.3"
"563,2025-10-19 14:48:46+05:30,12.9698,77.7500,880.3,46.5,3.8"
"564,2025-10-19 14:49:28+05:30,15.1577,75.7677,590.1,0.0,12.7"
"565,2025-10-19 14:50:10+05:30,13.1979,74.7421,14.7,88.1,5.2"
"566,2025-10-19 14:50:52+05:30,16.2028,76.5333,410.6,71.8,7.3"
"567,2025-10-19 14:51:34+05:30,12.9833,76.1000,950.4,0.0,9.2"
"568,2025-10-19 14:52:16+05:30,14.8219,78.1158,350.9,104.4,4.2"
"569,2025-10-19 14:52:58+05:30,13.6288,77.3200,685.2,58.0,8.4"
"570,2025-10-19 14:53:40+05:30,12.5186,76.8951,780.0,25.2,6.0"
"571,2025-10-19 14:54:22+05:30,17.6599,75.9064,480.7,115.5,3.3"
"572,2025-10-19 14:55:04+05:30,12.9716,77.5946,920.0,0.0,14.5"
"573,2025-10-19 14:55:46+05:30,14.3729,75.1475,605.8,70.9,6.4"
"574,2025-10-19 14:56:28+05:30,12.9698,77.7500,880.3,50.1,3.7"
"575,2025-10-19 14:57:10+05:30,15.1577,75.7677,590.1,0.0,12.8"
"576,2025-10-19 14:57:52+05:30,13.1979,74.7421,14.7,84.7,5.3"
"577,2025-10-19 14:58:34+05:30,16.2028,76.5333,410.6,75.4,7.2"
"578,2025-10-19 14:59:16+05:30,12.9833,76.1000,950.4,0.0,9.3"
"579,2025-10-19 14:59:58+05:30,14.8219,78.1158,350.9,107.0,4.1"
"580,2025-10-19 15:00:40+05:30,13.6288,77.3200,685.2,60.6,8.3"
"581,2025-10-19 15:01:22+05:30,12.5186,76.8951,780.0,27.8,5.9"
"582,2025-10-19 15:02:04+05:30,17.6599,75.9064,480.7,118.1,3.2"
"583,2025-10-19 15:02:46+05:30,12.9716,77.5946,920.0,0.0,14.6"
"584,2025-10-19 15:03:28+05:30,14.3729,75.1475,605.8,67.7,6.5"
"585,2025-10-19 15:04:10+05:30,12.9698,77.7500,880.3,53.7,3.6"
"586,2025-10-19 15:04:52+05:30,15.1577,75.7677,590.1,0.0,12.9"
"587,2025-10-19 15:05:34+05:30,13.1979,74.7421,14.7,81.3,5.4"
"588,2025-10-19 15:06:16+05:30,16.2028,76.5333,410.6,79.0,7.1"
"589,2025-10-19 15:06:58+05:30,12.9833,76.1000,950.4,0.0,9.4"
"590,2025-10-19 15:07:40+05:30,14.8219,78.1158,350.9,109.6,4.0"
"591,2025-10-19 15:08:22+05:30,13.6288,77.3200,685.2,63.2,8.2"
"592,2025-10-19 15:09:04+05:30,12.5186,76.8951,780.0,30.4,5.8"
"593,2025-10-19 15:09:46+05:30,17.6599,75.9064,480.7,120.7,3.1"
"594,2025-10-19 15:10:28+05:30,12.9716,77.5946,920.0,0.0,14.7"
"595,2025-10-19 15:11:10+05:30,14.3729,75.1475,605.8,64.5,6.6"
"596,2025-10-19 15:11:52+05:30,12.9698,77.7500,880.3,57.3,3.5"
"597,2025-10-19 15:12:34+05:30,15.1577,75.7677,590.1,0.0,13.0"
"598,2025-10-19 15:13:16+05:30,13.1979,74.7421,14.7,77.9,5.5"
"599,2025-10-19 15:13:58+05:30,16.2028,76.5333,410.6,82.6,7.0"
"600,2025-10-19 15:14:40+05:30,12.9833,76.1000,950.4,0.0,9.5"
"601,2025-10-19 15:15:22+05:30,12.1833,76.6500,740.2,55.1,4.7"
"602,2025-10-19 15:16:04+05:30,13.9300,77.7200,690.8,88.9,3.2"
"603,2025-10-19 15:16:46+05:30,15.2993,74.1240,20.5,0.0,11.8"
"604,2025-10-19 15:17:28+05:30,14.8351,74.9654,615.1,72.3,6.5"
"605,2025-10-19 15:18:10+05:30,12.8600,74.8400,22.0,33.0,7.9"
"606,2025-10-19 15:18:52+05:30,16.1667,76.0833,400.3,0.0,10.2"
"607,2025-10-19 15:19:34+05:30,13.1600,76.4800,980.6,105.7,4.4"
"608,2025-10-19 15:20:16+05:30,17.0600,77.0600,455.9,61.8,8.8"
"609,2025-10-19 15:20:58+05:30,12.3000,75.7833,1040.1,28.4,5.9"
"610,2025-10-19 15:21:40+05:30,15.8600,76.4700,430.7,98.6,3.6"
"611,2025-10-19 15:22:22+05:30,12.9716,77.5946,920.0,0.0,13.5"
"612,2025-10-19 15:23:04+05:30,12.1833,76.6500,740.2,52.3,4.8"
"613,2025-10-19 15:23:46+05:30,13.9300,77.7200,690.8,91.5,3.1"
"614,2025-10-19 15:24:28+05:30,15.2993,74.1240,20.5,0.0,11.9"
"615,2025-10-19 15:25:10+05:30,14.8351,74.9654,615.1,75.1,6.4"
"616,2025-10-19 15:25:52+05:30,12.8600,74.8400,22.0,36.6,7.8"
"617,2025-10-19 15:26:34+05:30,16.1667,76.0833,400.3,0.0,10.3"
"618,2025-10-19 15:27:16+05:30,13.1600,76.4800,980.6,108.3,4.3"
"619,2025-10-19 15:27:58+05:30,17.0600,77.0600,455.9,64.4,8.7"
"620,2025-10-19 15:28:40+05:30,12.3000,75.7833,1040.1,31.0,5.8"
"621,2025-10-19 15:29:22+05:30,15.8600,76.4700,430.7,101.2,3.5"
"622,2025-10-19 15:30:04+05:30,12.9716,77.5946,920.0,0.0,13.6"
"623,2025-10-19 15:30:46+05:30,12.1833,76.6500,740.2,49.5,4.9"
"624,2025-10-19 15:31:28+05:30,13.9300,77.7200,690.8,94.1,3.0"
"625,2025-10-19 15:32:10+05:30,15.2993,74.1240,20.5,0.0,12.0"
"626,2025-10-19 15:32:52+05:30,14.8351,74.9654,615.1,77.9,6.3"
"627,2025-10-19 15:33:34+05:30,12.8600,74.8400,22.0,40.2,7.7"
"628,2025-10-19 15:34:16+05:30,16.1667,76.0833,400.3,0.0,10.4"
"629,2025-10-19 15:34:58+05:30,13.1600,76.4800,980.6,110.9,4.2"
"630,2025-10-19 15:35:40+05:30,17.0600,77.0600,455.9,67.0,8.6"
"631,2025-10-19 15:36:22+05:30,12.3000,75.7833,1040.1,33.6,5.7"
"632,2025-10-19 15:37:04+05:30,15.8600,76.4700,430.7,103.8,3.4"
"633,2025-10-19 15:37:46+05:30,12.9716,77.5946,920.0,0.0,13.7"
"634,2025-10-19 15:38:28+05:30,12.1833,76.6500,740.2,46.7,5.0"
"635,2025-10-19 15:39:10+05:30,13.9300,77.7200,690.8,96.7,2.9"
"636,2025-10-19 15:39:52+05:30,15.2993,74.1240,20.5,0.0,12.1"
"637,2025-10-19 15:40:34+05:30,14.8351,74.9654,615.1,80.7,6.2"
"638,2025-10-19 15:41:16+05:30,12.8600,74.8400,22.0,43.8,7.6"
"639,2025-10-19 15:41:58+05:30,16.1667,76.0833,400.3,0.0,10.5"
"640,2025-10-19 15:42:40+05:30,13.1600,76.4800,980.6,113.5,4.1"
"641,2025-10-19 15:43:22+05:30,17.0600,77.0600,455.9,69.6,8.5"
"642,2025-10-19 15:44:04+05:30,12.3000,75.7833,1040.1,36.2,5.6"
"643,2025-10-19 15:44:46+05:30,15.8600,76.4700,430.7,106.4,3.3"
"644,2025-10-19 15:45:28+05:30,12.9716,77.5946,920.0,0.0,13.8"
"645,2025-10-19 15:46:10+05:30,12.1833,76.6500,740.2,43.9,5.1"
"646,2025-10-19 15:46:52+05:30,13.9300,77.7200,690.8,99.3,2.8"
"647,2025-10-19 15:47:34+05:30,15.2993,74.1240,20.5,0.0,12.2"
"648,2025-10-19 15:48:16+05:30,14.8351,74.9654,615.1,83.5,6.1"
"649,2025-10-19 15:48:58+05:30,12.8600,74.8400,22.0,47.4,7.5"
"650,2025-10-19 15:49:40+05:30,16.1667,76.0833,400.3,0.0,10.6"
"651,2025-10-19 15:50:22+05:30,14.3729,75.1475,605.8,77.3,6.2"
"652,2025-10-19 15:51:04+05:30,12.9698,77.7500,880.3,42.9,3.9"
"653,2025-10-19 15:51:46+05:30,15.1577,75.7677,590.1,0.0,12.6"
"654,2025-10-19 15:52:28+05:30,13.1979,74.7421,14.7,91.5,5.1"
"655,2025-10-19 15:53:10+05:30,16.2028,76.5333,410.6,68.2,7.4"
"656,2025-10-19 15:53:52+05:30,12.9833,76.1000,950.4,0.0,9.1"
"657,2025-10-19 15:54:34+05:30,14.8219,78.1158,350.9,101.8,4.3"
"658,2025-10-19 15:55:16+05:30,13.6288,77.3200,685.2,55.4,8.5"
"659,2025-10-19 15:55:58+05:30,12.5186,76.8951,780.0,22.6,6.1"
"660,2025-10-19 15:56:40+05:30,17.6599,75.9064,480.7,112.9,3.4"
"661,2025-10-19 15:57:22+05:30,12.9716,77.5946,920.0,0.0,14.4"
"662,2025-10-19 15:58:04+05:30,14.3729,75.1475,605.8,74.1,6.3"
"663,2025-10-19 15:58:46+05:30,12.9698,77.7500,880.3,46.5,3.8"
"664,2025-10-19 15:59:28+05:30,15.1577,75.7677,590.1,0.0,12.7"
"665,2025-10-19 16:00:10+05:30,13.1979,74.7421,14.7,88.1,5.2"
"666,2025-10-19 16:00:52+05:30,16.2028,76.5333,410.6,71.8,7.3"
"667,2025-10-19 16:01:34+05:30,12.9833,76.1000,950.4,0.0,9.2"
"668,2025-10-19 16:02:16+05:30,14.8219,78.1158,350.9,104.4,4.2"
"669,2025-10-19 16:02:58+05:30,13.6288,77.3200,685.2,58.0,8.4"
"670,2025-10-19 16:03:40+05:30,12.5186,76.8951,780.0,25.2,6.0"
"671,2025-10-19 16:04:22+05:30,17.6599,75.9064,480.7,115.5,3.3"
"672,2025-10-19 16:05:04+05:30,12.9716,77.5946,920.0,0.0,14.5"
"673,2025-10-19 16:05:46+05:30,14.3729,75.1475,605.8,70.9,6.4"
"674,2025-10-19 16:06:28+05:30,12.9698,77.7500,880.3,50.1,3.7"
"675,2025-10-19 16:07:10+05:30,15.1577,75.7677,590.1,0.0,12.8"
"676,2025-10-19 16:07:52+05:30,13.1979,74.7421,14.7,84.7,5.3"
"677,2025-10-19 16:08:34+05:30,16.2028,76.5333,410.6,75.4,7.2"
"678,2025-10-19 16:09:16+05:30,12.9833,76.1000,950.4,0.0,9.3"
"679,2025-10-19 16:09:58+05:30,14.8219,78.1158,350.9,107.0,4.1"
"680,2025-10-19 16:10:40+05:30,13.6288,77.3200,685.2,60.6,8.3"
"681,2025-10-19 16:11:22+05:30,12.5186,76.8951,780.0,27.8,5.9"
"682,2025-10-19 16:12:04+05:30,17.6599,75.9064,480.7,118.1,3.2"
"683,2025-10-19 16:12:46+05:30,12.9716,77.5946,920.0,0.0,14.6"
"684,2025-10-19 16:13:28+05:30,14.3729,75.1475,605.8,67.7,6.5"
"685,2025-10-19 16:14:10+05:30,12.9698,77.7500,880.3,53.7,3.6"
"686,2025-10-19 16:14:52+05:30,15.1577,75.7677,590.1,0.0,12.9"
"687,2025-10-19 16:15:34+05:30,13.1979,74.7421,14.7,81.3,5.4"
"688,2025-10-19 16:16:16+05:30,16.2028,76.5333,410.6,79.0,7.1"
"689,2025-10-19 16:16:58+05:30,12.9833,76.1000,950.4,0.0,9.4"
"690,2025-10-19 16:17:40+05:30,14.8219,78.1158,350.9,109.6,4.0"
"691,2025-10-19 16:18:22+05:30,13.6288,77.3200,685.2,63.2,8.2"
"692,2025-10-19 16:19:04+05:30,12.5186,76.8951,780.0,30.4,5.8"
"693,2025-10-19 16:19:46+05:30,17.6599,75.9064,480.7,120.7,3.1"
"694,2025-10-19 16:20:28+05:30,12.9716,77.5946,920.0,0.0,14.7"
"695,2025-10-19 16:21:10+05:30,14.3729,75.1475,605.8,64.5,6.6"
"696,2025-10-19 16:21:52+05:30,12.9698,77.7500,880.3,57.3,3.5"
"697,2025-10-19 16:22:34+05:30,15.1577,75.7677,590.1,0.0,13.0"
"698,2025-10-19 16:23:16+05:30,13.1979,74.7421,14.7,77.9,5.5"
"699,2025-10-19 16:23:58+05:30,16.2028,76.5333,410.6,82.6,7.0"
"700,2025-10-19 16:24:40+05:30,12.9833,76.1000,950.4,0.0,9.5"
"701,2025-10-19 16:25:22+05:30,12.1833,76.6500,740.2,55.1,4.7"
"702,2025-10-19 16:26:04+05:30,13.9300,77.7200,690.8,88.9,3.2"
"703,2025-10-19 16:26:46+05:30,15.2993,74.1240,20.5,0.0,11.8"
"704,2025-10-19 16:27:28+05:30,14.8351,74.9654,615.1,72.3,6.5"
"705,2025-10-19 16:28:10+05:30,12.8600,74.8400,22.0,33.0,7.9"
"706,2025-10-19 16:28:52+05:30,16.1667,76.0833,400.3,0.0,10.2"
"707,2025-10-19 16:29:34+05:30,13.1600,76.4800,980.6,105.7,4.4"
"708,2025-10-19 16:30:16+05:30,17.0600,77.0600,455.9,61.8,8.8"
"709,2025-10-19 16:30:58+05:30,12.3000,75.7833,1040.1,28.4,5.9"
"710,2025-10-19 16:31:40+05:30,15.8600,76.4700,430.7,98.6,3.6"
"711,2025-10-19 16:32:22+05:30,12.9716,77.5946,920.0,0.0,13.5"
"712,2025-10-19 16:33:04+05:30,12.1833,76.6500,740.2,52.3,4.8"
"713,2025-10-19 16:33:46+05:30,13.9300,77.7200,690.8,91.5,3.1"
"714,2025-10-19 16:34:28+05:30,15.2993,74.1240,20.5,0.0,11.9"
"715,2025-10-19 16:35:10+05:30,14.8351,74.9654,615.1,75.1,6.4"
"716,2025-10-19 16:35:52+05:30,12.8600,74.8400,22.0,36.6,7.8"
"717,2025-10-19 16:36:34+05:30,16.1667,76.0833,400.3,0.0,10.3"
"718,2025-10-19 16:37:16+05:30,13.1600,76.4800,980.6,108.3,4.3"
"719,2025-10-19 16:37:58+05:30,17.0600,77.0600,455.9,64.4,8.7"
"720,2025-10-19 16:38:40+05:30,12.3000,75.7833,1040.1,31.0,5.8"
"721,2025-10-19 16:39:22+05:30,15.8600,76.4700,430.7,101.2,3.5"
"722,2025-10-19 16:40:04+05:30,12.9716,77.5946,920.0,0.0,13.6"
"723,2025-10-19 16:40:46+05:30,12.1833,76.6500,740.2,49.5,4.9"
"724,2025-10-19 16:41:28+05:30,13.9300,77.7200,690.8,94.1,3.0"
"725,2025-10-19 16:42:10+05:30,15.2993,74.1240,20.5,0.0,12.0"
"726,2025-10-19 16:42:52+05:30,14.8351,74.9654,615.1,77.9,6.3"
"727,2025-10-19 16:43:34+05:30,12.8600,74.8400,22.0,40.2,7.7"
"728,2025-10-19 16:44:16+05:30,16.1667,76.0833,400.3,0.0,10.4"
"729,2025-10-19 16:44:58+05:30,13.1600,76.4800,980.6,110.9,4.2"
"730,2025-10-19 16:45:40+05:30,17.0600,77.0600,455.9,67.0,8.6"
"731,2025-10-19 16:46:22+05:30,12.3000,75.7833,1040.1,33.6,5.7"
"732,2025-10-19 16:47:04+05:30,15.8600,76.4700,430.7,103.8,3.4"
"733,2025-10-19 16:47:46+05:30,12.9716,77.5946,920.0,0.0,13.7"
"734,2025-10-19 16:48:28+05:30,12.1833,76.6500,740.2,46.7,5.0"
"735,2025-10-19 16:49:10+05:30,13.9300,77.7200,690.8,96.7,2.9"
"736,2025-10-19 16:49:52+05:30,15.2993,74.1240,20.5,0.0,12.1"
"737,2025-10-19 16:50:34+05:30,14.8351,74.9654,615.1,80.7,6.2"
"738,2025-10-19 16:51:16+05:30,12.8600,74.8400,22.0,43.8,7.6"
"739,2025-10-19 16:51:58+05:30,16.1667,76.0833,400.3,0.0,10.5"
"740,2025-10-19 16:52:40+05:30,13.1600,76.4800,980.6,113.5,4.1"
"741,2025-10-19 16:53:22+05:30,17.0600,77.0600,455.9,69.6,8.5"
"742,2025-10-19 16:54:04+05:30,12.3000,75.7833,1040.1,36.2,5.6"
"743,2025-10-19 16:54:46+05:30,15.8600,76.4700,430.7,106.4,3.3"
"744,2025-10-19 16:55:28+05:30,12.9716,77.5946,920.0,0.0,13.8"
"745,2025-10-19 16:56:10+05:30,12.1833,76.6500,740.2,43.9,5.1"
"746,2025-10-19 16:56:52+05:30,13.9300,77.7200,690.8,99.3,2.8"
"747,2025-10-19 16:57:34+05:30,15.2993,74.1240,20.5,0.0,12.2"
"748,2025-10-19 16:58:16+05:30,14.8351,74.9654,615.1,83.5,6.1"
"749,2025-10-19 16:58:58+05:30,12.8600,74.8400,22.0,47.4,7.5"
"750,2025-10-19 16:59:40+05:30,16.1667,76.0833,400.3,0.0,10.6"
"751,2025-10-19 17:00:22+05:30,14.3729,75.1475,605.8,77.3,6.2"
"752,2025-10-19 17:01:04+05:30,12.9698,77.7500,880.3,42.9,3.9"
"753,2025-10-19 17:01:46+05:30,15.1577,75.7677,590.1,0.0,12.6"
"754,2025-10-19 17:02:28+05:30,13.1979,74.7421,14.7,91.5,5.1"
"755,2025-10-19 17:03:10+05:30,16.2028,76.5333,410.6,68.2,7.4"
"756,2025-10-19 17:03:52+05:30,12.9833,76.1000,950.4,0.0,9.1"
"757,2025-10-19 17:04:34+05:30,14.8219,78.1158,350.9,101.8,4.3"
"758,2025-10-19 17:05:16+05:30,13.6288,77.3200,685.2,55.4,8.5"
"759,2025-10-19 17:05:58+05:30,12.5186,76.8951,780.0,22.6,6.1"
"760,2025-10-19 17:06:40+05:30,17.6599,75.9064,480.7,112.9,3.4"
"761,2025-10-19 17:07:22+05:30,12.9716,77.5946,920.0,0.0,14.4"
"762,2025-10-19 17:08:04+05:30,14.3729,75.1475,605.8,74.1,6.3"
"763,2025-10-19 17:08:46+05:30,12.9698,77.7500,880.3,46.5,3.8"
"764,2025-10-19 17:09:28+05:30,15.1577,75.7677,590.1,0.0,12.7"
"765,2025-10-19 17:10:10+05:30,13.1979,74.7421,14.7,88.1,5.2"
"766,2025-10-19 17:10:52+05:30,16.2028,76.5333,410.6,71.8,7.3"
"767,2025-10-19 17:11:34+05:30,12.9833,76.1000,950.4,0.0,9.2"
"768,2025-10-19 17:12:16+05:30,14.8219,78.1158,350.9,104.4,4.2"
"769,2025-10-19 17:12:58+05:30,13.6288,77.3200,685.2,58.0,8.4"
"770,2025-10-19 17:13:40+05:30,12.5186,76.8951,780.0,25.2,6.0"
"771,2025-10-19 17:14:22+05:30,17.6599,75.9064,480.7,115.5,3.3"
"772,2025-10-19 17:15:04+05:30,12.9716,77.5946,920.0,0.0,14.5"
"773,2025-10-19 17:15:46+05:30,14.3729,75.1475,605.8,70.9,6.4"
"774,2025-10-19 17:16:28+05:30,12.9698,77.7500,880.3,50.1,3.7"
"775,2025-10-19 17:17:10+05:30,15.1577,75.7677,590.1,0.0,12.8"
"776,2025-10-19 17:17:52+05:30,13.1979,74.7421,14.7,84.7,5.3"
"777,2025-10-19 17:18:34+05:30,16.2028,76.5333,410.6,75.4,7.2"
"778,2025-10-19 17:19:16+05:30,12.9833,76.1000,950.4,0.0,9.3"
"779,2025-10-19 17:19:58+05:30,14.8219,78.1158,350.9,107.0,4.1"
"780,2025-10-19 17:20:40+05:30,13.6288,77.3200,685.2,60.6,8.3"
"781,2025-10-19 17:21:22+05:30,12.5186,76.8951,780.0,27.8,5.9"
"782,2025-10-19 17:22:04+05:30,17.6599,75.9064,480.7,118.1,3.2"
"783,2025-10-19 17:22:46+05:30,12.9716,77.5946,920.0,0.0,14.6"
"784,2025-10-19 17:23:28+05:30,14.3729,75.1475,605.8,67.7,6.5"
"785,2025-10-19 17:24:10+05:30,12.9698,77.7500,880.3,53.7,3.6"
"786,2025-10-19 17:24:52+05:30,15.1577,75.7677,590.1,0.0,12.9"
"787,2025-10-19 17:25:34+05:30,13.1979,74.7421,14.7,81.3,5.4"
"788,2025-10-19 17:26:16+05:30,16.2028,76.5333,410.6,79.0,7.1"
"789,2025-10-19 17:26:58+05:30,12.9833,76.1000,950.4,0.0,9.4"
"790,2025-10-19 17:27:40+05:30,14.8219,78.1158,350.9,109.6,4.0"
"791,2025-10-19 17:28:22+05:30,13.6288,77.3200,685.2,63.2,8.2"
"792,2025-10-19 17:29:04+05:30,12.5186,76.8951,780.0,30.4,5.8"
"793,2025-10-19 17:29:46+05:30,17.6599,75.9064,480.7,120.7,3.1"
"794,2025-10-19 17:30:28+05:30,12.9716,77.5946,920.0,0.0,14.7"
"795,2025-10-19 17:31:10+05:30,14.3729,75.1475,605.8,64.5,6.6"
"796,2025-10-19 17:31:52+05:30,12.9698,77.7500,880.3,57.3,3.5"
"797,2025-10-19 17:32:34+05:30,15.1577,75.7677,590.1,0.0,13.0"
"798,2025-10-19 17:33:16+05:30,13.1979,74.7421,14.7,77.9,5.5"
"799,2025-10-19 17:33:58+05:30,16.2028,76.5333,410.6,82.6,7.0"
"800,2025-10-19 17:34:40+05:30,12.9833,76.1000,950.4,0.0,9.5"
"801,2025-10-19 17:35:22+05:30,12.1833,76.6500,740.2,55.1,4.7"
"802,2025-10-19 17:36:04+05:30,13.9300,77.7200,690.8,88.9,3.2"
"803,2025-10-19 17:36:46+05:30,15.2993,74.1240,20.5,0.0,11.8"
"804,2025-10-19 17:37:28+05:30,14.8351,74.9654,615.1,72.3,6.5"
"805,2025-10-19 17:38:10+05:30,12.8600,74.8400,22.0,33.0,7.9"
"806,2025-10-19 17:38:52+05:30,16.1667,76.0833,400.3,0.0,10.2"
"807,2025-10-19 17:39:34+05:30,13.1600,76.4800,980.6,105.7,4.4"
"808,2025-10-19 17:40:16+05:30,17.0600,77.0600,455.9,61.8,8.8"
"809,2025-10-19 17:40:58+05:30,12.3000,75.7833,1040.1,28.4,5.9"
"810,2025-10-19 17:41:40+05:30,15.8600,76.4700,430.7,98.6,3.6"
"811,2025-10-19 17:42:22+05:30,12.9716,77.5946,920.0,0.0,13.5"
"812,2025-10-19 17:43:04+05:30,12.1833,76.6500,740.2,52.3,4.8"
"813,2025-10-19 17:43:46+05:30,13.9300,77.7200,690.8,91.5,3.1"
"814,2025-10-19 17:44:28+05:30,15.2993,74.1240,20.5,0.0,11.9"
"815,2025-10-19 17:45:10+05:30,14.8351,74.9654,615.1,75.1,6.4"
"816,2025-10-19 17:45:52+05:30,12.8600,74.8400,22.0,36.6,7.8"
"817,2025-10-19 17:46:34+05:30,16.1667,76.0833,400.3,0.0,10.3"
"818,2025-10-19 17:47:16+05:30,13.1600,76.4800,980.6,108.3,4.3"
"819,2025-10-19 17:47:58+05:30,17.0600,77.0600,455.9,64.4,8.7"
"820,2025-10-19 17:48:40+05:30,12.3000,75.7833,1040.1,31.0,5.8"
"821,2025-10-19 17:49:22+05:30,15.8600,76.4700,430.7,101.2,3.5"
"822,2025-10-19 17:50:04+05:30,12.9716,77.5946,920.0,0.0,13.6"
"823,2025-10-19 17:50:46+05:30,12.1833,76.6500,740.2,49.5,4.9"
"824,2025-10-19 17:51:28+05:30,13.9300,77.7200,690.8,94.1,3.0"
"825,2025-10-19 17:52:10+05:30,15.2993,74.1240,20.5,0.0,12.0"
"826,2025-10-19 17:52:52+05:30,14.8351,74.9654,615.1,77.9,6.3"
"827,2025-10-19 17:53:34+05:30,12.8600,74.8400,22.0,40.2,7.7"
"828,2025-10-19 17:54:16+05:30,16.1667,76.0833,400.3,0.0,10.4"
"829,2025-10-19 17:54:58+05:30,13.1600,76.4800,980.6,110.9,4.2"
"830,2025-10-19 17:55:40+05:30,17.0600,77.0600,455.9,67.0,8.6"
"831,2025-10-19 17:56:22+05:30,12.3000,75.7833,1040.1,33.6,5.7"
"832,2025-10-19 17:57:04+05:30,15.8600,76.4700,430.7,103.8,3.4"
"833,2025-10-19 17:57:46+05:30,12.9716,77.5946,920.0,0.0,13.7"
"834,2025-10-19 17:58:28+05:30,12.1833,76.6500,740.2,46.7,5.0"
"835,2025-10-19 17:59:10+05:30,13.9300,77.7200,690.8,96.7,2.9"
"836,2025-10-19 17:59:52+05:30,15.2993,74.1240,20.5,0.0,12.1"
"837,2025-10-19 18:00:34+05:30,14.8351,74.9654,615.1,80.7,6.2"
"838,2025-10-19 18:01:16+05:30,12.8600,74.8400,22.0,43.8,7.6"
"839,2025-10-19 18:01:58+05:30,16.1667,76.0833,400.3,0.0,10.5"
"840,2025-10-19 18:02:40+05:30,13.1600,76.4800,980.6,113.5,4.1"
"841,2025-10-19 18:03:22+05:30,17.0600,77.0600,455.9,69.6,8.5"
"842,2025-10-19 18:04:04+05:30,12.3000,75.7833,1040.1,36.2,5.6"
"843,2025-10-19 18:04:46+05:30,15.8600,76.4700,430.7,106.4,3.3"
"844,2025-10-19 18:05:28+05:30,12.9716,77.5946,920.0,0.0,13.8"
"845,2025-10-19 18:06:10+05:30,12.1833,76.6500,740.2,43.9,5.1"
"846,2025-10-19 18:06:52+05:30,13.9300,77.7200,690.8,99.3,2.8"
"847,2025-10-19 18:07:34+05:30,15.2993,74.1240,20.5,0.0,12.2"
"848,2025-10-19 18:08:16+05:30,14.8351,74.9654,615.1,83.5,6.1"
"849,2025-10-19 18:08:58+05:30,12.8600,74.8400,22.0,47.4,7.5"
"850,2025-10-19 18:09:40+05:30,16.1667,76.0833,400.3,0.0,10.6"
"851,2025-10-19 18:10:22+05:30,14.3729,75.1475,605.8,77.3,6.2"
"852,2025-10-19 18:11:04+05:30,12.9698,77.7500,880.3,42.9,3.9"
"853,2025-10-19 18:11:46+05:30,15.1577,75.7677,590.1,0.0,12.6"
"854,2025-10-19 18:12:28+05:30,13.1979,74.7421,14.7,91.5,5.1"
"855,2025-10-19 18:13:10+05:30,16.2028,76.5333,410.6,68.2,7.4"
"856,2025-10-19 18:13:52+05:30,12.9833,76.1000,950.4,0.0,9.1"
"857,2025-10-19 18:14:34+05:30,14.8219,78.1158,350.9,101.8,4.3"
"858,2025-10-19 18:15:16+05:30,13.6288,77.3200,685.2,55.4,8.5"
"859,2025-10-19 18:15:58+05:30,12.5186,76.8951,780.0,22.6,6.1"
"860,2025-10-19 18:16:40+05:30,17.6599,75.9064,480.7,112.9,3.4"
"861,2025-10-19 18:17:22+05:30,12.9716,77.5946,920.0,0.0,14.4"
"862,2025-10-19 18:18:04+05:30,14.3729,75.1475,605.8,74.1,6.3"
"863,2025-10-19 18:18:46+05:30,12.9698,77.7500,880.3,46.5,3.8"
"864,2025-10-19 18:19:28+05:30,15.1577,75.7677,590.1,0.0,12.7"
"865,2025-10-19 18:20:10+05:30,13.1979,74.7421,14.7,88.1,5.2"
"866,2025-10-19 18:20:52+05:30,16.2028,76.5333,410.6,71.8,7.3"
"867,2025-10-19 18:21:34+05:30,12.9833,76.1000,950.4,0.0,9.2"
"868,2025-10-19 18:22:16+05:30,14.8219,78.1158,350.9,104.4,4.2"
"869,2025-10-19 18:22:58+05:30,13.6288,77.3200,685.2,58.0,8.4"
"870,2025-10-19 18:23:40+05:30,12.5186,76.8951,780.0,25.2,6.0"
"871,2025-10-19 18:24:22+05:30,17.6599,75.9064,480.7,115.5,3.3"
"872,2025-10-19 18:25:04+05:30,12.9716,77.5946,920.0,0.0,14.5"
"873,2025-10-19 18:25:46+05:30,14.3729,75.1475,605.8,70.9,6.4"
"874,2025-10-19 18:26:28+05:30,12.9698,77.7500,880.3,50.1,3.7"
"875,2025-10-19 18:27:10+05:30,15.1577,75.7677,590.1,0.0,12.8"
"876,2025-10-19 18:27:52+05:30,13.1979,74.7421,14.7,84.7,5.3"
"877,2025-10-19 18:28:34+05:30,16.2028,76.5333,410.6,75.4,7.2"
"878,2025-10-19 18:29:16+05:30,12.9833,76.1000,950.4,0.0,9.3"
"879,2025-10-19 18:29:58+05:30,14.8219,78.1158,350.9,107.0,4.1"
"880,2025-10-19 18:30:40+05:30,13.6288,77.3200,685.2,60.6,8.3"
"881,2025-10-19 18:31:22+05:30,12.5186,76.8951,780.0,27.8,5.9"
"882,2025-10-19 18:32:04+05:30,17.6599,75.9064,480.7,118.1,3.2"
"883,2025-10-19 18:32:46+05:30,12.9716,77.5946,920.0,0.0,14.6"
"884,2025-10-19 18:33:28+05:30,14.3729,75.1475,605.8,67.7,6.5"
"885,2025-10-19 18:34:10+05:30,12.9698,77.7500,880.3,53.7,3.6"
"886,2025-10-19 18:34:52+05:30,15.1577,75.7677,590.1,0.0,12.9"
"887,2025-10-19 18:35:34+05:30,13.1979,74.7421,14.7,81.3,5.4"
"888,2025-10-19 18:36:16+05:30,16.2028,76.5333,410.6,79.0,7.1"
"889,2025-10-19 18:36:58+05:30,12.9833,76.1000,950.4,0.0,9.4"
"890,2025-10-19 18:37:40+05:30,14.8219,78.1158,350.9,109.6,4.0"
"891,2025-10-19 18:38:22+05:30,13.6288,77.3200,685.2,63.2,8.2"
"892,2025-10-19 18:39:04+05:30,12.5186,76.8951,780.0,30.4,5.8"
"893,2025-10-19 18:39:46+05:30,17.6599,75.9064,480.7,120.7,3.1"
"894,2025-10-19 18:40:28+05:30,12.9716,77.5946,920.0,0.0,14.7"
"895,2025-10-19 18:41:10+05:30,14.3729,75.1475,605.8,64.5,6.6"
"896,2025-10-19 18:41:52+05:30,12.9698,77.7500,880.3,57.3,3.5"
"897,2025-10-19 18:42:34+05:30,15.1577,75.7677,590.1,0.0,13.0"
"898,2025-10-19 18:43:16+05:30,13.1979,74.7421,14.7,77.9,5.5"
"899,2025-10-19 18:43:58+05:30,16.2028,76.5333,410.6,82.6,7.0"
"900,2025-10-19 18:44:40+05:30,12.9833,76.1000,950.4,0.0,9.5"
"901,2025-10-19 18:45:22+05:30,12.1833,76.6500,740.2,55.1,4.7"
"902,2025-10-19 18:46:04+05:30,13.9300,77.7200,690.8,88.9,3.2"
"903,2025-10-19 18:46:46+05:30,15.2993,74.1240,20.5,0.0,11.8"
"904,2025-10-19 18:47:28+05:30,14.8351,74.9654,615.1,72.3,6.5"
"905,2025-10-19 18:48:10+05:30,12.8600,74.8400,22.0,33.0,7.9"
"906,2025-10-19 18:48:52+05:30,16.1667,76.0833,400.3,0.0,10.2"
"907,2025-10-19 18:49:34+05:30,13.1600,76.4800,980.6,105.7,4.4"
"908,2025-10-19 18:50:16+05:30,17.0600,77.0600,455.9,61.8,8.8"
"909,2025-10-19 18:50:58+05:30,12.3000,75.7833,1040.1,28.4,5.9"
"910,2025-10-19 18:51:40+05:30,15.8600,76.4700,430.7,98.6,3.6"
"911,2025-10-19 18:52:22+05:30,12.9716,77.5946,920.0,0.0,13.5"
"912,2025-10-19 18:53:04+05:30,12.1833,76.6500,740.2,52.3,4.8"
"913,2025-10-19 18:53:46+05:30,13.9300,77.7200,690.8,91.5,3.1"
"914,2025-10-19 18:54:28+05:30,15.2993,74.1240,20.5,0.0,11.9"
"915,2025-10-19 18:55:10+05:30,14.8351,74.9654,615.1,75.1,6.4"
"916,2025-10-19 18:55:52+05:30,12.8600,74.8400,22.0,36.6,7.8"
"917,2025-10-19 18:56:34+05:30,16.1667,76.0833,400.3,0.0,10.3"
"918,2025-10-19 18:57:16+05:30,13.1600,76.4800,980.6,108.3,4.3"
"919,2025-10-19 18:57:58+05:30,17.0600,77.0600,455.9,64.4,8.7"
"920,2025-10-19 18:58:40+05:30,12.3000,75.7833,1040.1,31.0,5.8"
"921,2025-10-19 18:59:22+05:30,15.8600,76.4700,430.7,101.2,3.5"
"922,2025-10-19 19:00:04+05:30,12.9716,77.5946,920.0,0.0,13.6"
"923,2025-10-19 19:00:46+05:30,12.1833,76.6500,740.2,49.5,4.9"
"924,2025-10-19 19:01:28+05:30,13.9300,77.7200,690.8,94.1,3.0"
"925,2025-10-19 19:02:10+05:30,15.2993,74.1240,20.5,0.0,12.0"
"926,2025-10-19 19:02:52+05:30,14.8351,74.9654,615.1,77.9,6.3"
"927,2025-10-19 19:03:34+05:30,12.8600,74.8400,22.0,40.2,7.7"
"928,2025-10-19 19:04:16+05:30,16.1667,76.0833,400.3,0.0,10.4"
"929,2025-10-19 19:04:58+05:30,13.1600,76.4800,980.6,110.9,4.2"
"930,2025-10-19 19:05:40+05:30,17.0600,77.0600,455.9,67.0,8.6"
"931,2025-10-19 19:06:22+05:30,12.3000,75.7833,1040.1,33.6,5.7"
"932,2025-10-19 19:07:04+05:30,15.8600,76.4700,430.7,103.8,3.4"
"933,2025-10-19 19:07:46+05:30,12.9716,77.5946,920.0,0.0,13.7"
"934,2025-10-19 19:08:28+05:30,12.1833,76.6500,740.2,46.7,5.0"
"935,2025-10-19 19:09:10+05:30,13.9300,77.7200,690.8,96.7,2.9"
"936,2025-10-19 19:09:52+05:30,15.2993,74.1240,20.5,0.0,12.1"
"937,2025-10-19 19:10:34+05:30,14.8351,74.9654,615.1,80.7,6.2"
"938,2025-10-19 19:11:16+05:30,12.8600,74.8400,22.0,43.8,7.6"
"939,2025-10-19 19:11:58+05:30,16.1667,76.0833,400.3,0.0,10.5"
"940,2025-10-19 19:12:40+05:30,13.1600,76.4800,980.6,113.5,4.1"
"941,2025-10-19 19:13:22+05:30,17.0600,77.0600,455.9,69.6,8.5"
"942,2025-10-19 19:14:04+05:30,12.3000,75.7833,1040.1,36.2,5.6"
"943,2025-10-19 19:14:46+05:30,15.8600,76.4700,430.7,106.4,3.3"
"944,2025-10-19 19:15:28+05:30,12.9716,77.5946,920.0,0.0,13.8"
"945,2025-10-19 19:16:10+05:30,12.1833,76.6500,740.2,43.9,5.1"
"946,2025-10-19 19:16:52+05:30,13.9300,77.7200,690.8,99.3,2.8"
"947,2025-10-19 19:17:34+05:30,15.2993,74.1240,20.5,0.0,12.2"
"948,2025-10-19 19:18:16+05:30,14.8351,74.9654,615.1,83.5,6.1"
"949,2025-10-19 19:18:58+05:30,12.8600,74.8400,22.0,47.4,7.5"
"950,2025-10-19 19:19:40+05:30,16.1667,76.0833,400.3,0.0,10.6"
"951,2025-10-19 19:20:22+05:30,14.3729,75.1475,605.8,77.3,6.2"
"952,2025-10-19 19:21:04+05:30,12.9698,77.7500,880.3,42.9,3.9"
"953,2025-10-19 19:21:46+05:30,15.1577,75.7677,590.1,0.0,12.6"
"954,2025-10-19 19:22:28+05:30,13.1979,74.7421,14.7,91.5,5.1"
"955,2025-10-19 19:23:10+05:30,16.2028,76.5333,410.6,68.2,7.4"
"956,2025-10-19 19:23:52+05:30,12.9833,76.1000,950.4,0.0,9.1"
"957,2025-10-19 19:24:34+05:30,14.8219,78.1158,350.9,101.8,4.3"
"958,2025-10-19 19:25:16+05:30,13.6288,77.3200,685.2,55.4,8.5"
"959,2025-10-19 19:25:58+05:30,12.5186,76.8951,780.0,22.6,6.1"
"960,2025-10-19 19:26:40+05:30,17.6599,75.9064,480.7,112.9,3.4"
"961,2025-10-19 19:27:22+05:30,12.9716,77.5946,920.0,0.0,14.4"
"962,2025-10-19 19:28:04+05:30,14.3729,75.1475,605.8,74.1,6.3"
"963,2025-10-19 19:28:46+05:30,12.9698,77.7500,880.3,46.5,3.8"
"964,2025-10-19 19:29:28+05:30,15.1577,75.7677,590.1,0.0,12.7"
"965,2025-10-19 19:30:10+05:30,13.1979,74.7421,14.7,88.1,5.2"
"966,2025-10-19 19:30:52+05:30,16.2028,76.5333,410.6,71.8,7.3"
"967,2025-10-19 19:31:34+05:30,12.9833,76.1000,950.4,0.0,9.2"
"968,2025-10-19 19:32:16+05:30,14.8219,78.1158,350.9,104.4,4.2"
"969,2025-10-19 19:32:58+05:30,13.6288,77.3200,685.2,58.0,8.4"
"970,2025-10-19 19:33:40+05:30,12.5186,76.8951,780.0,25.2,6.0"
"971,2025-10-19 19:34:22+05:30,17.6599,75.9064,480.7,115.5,3.3"
"972,2025-10-19 19:35:04+05:30,12.9716,77.5946,920.0,0.0,14.5"
"973,2025-10-19 19:35:46+05:30,14.3729,75.1475,605.8,70.9,6.4"
"974,2025-10-19 19:36:28+05:30,12.9698,77.7500,880.3,50.1,3.7"
"975,2025-10-19 19:37:10+05:30,15.1577,75.7677,590.1,0.0,12.8"
"976,2025-10-19 19:37:52+05:30,13.1979,74.7421,14.7,84.7,5.3"
"977,2025-10-19 19:38:34+05:30,16.2028,76.5333,410.6,75.4,7.2"
"978,2025-10-19 19:39:16+05:30,12.9833,76.1000,950.4,0.0,9.3"
"979,2025-10-19 19:39:58+05:30,14.8219,78.1158,350.9,107.0,4.1"
"980,2025-10-19 19:40:40+05:30,13.6288,77.3200,685.2,60.6,8.3"
"981,2025-10-19 19:41:22+05:30,12.5186,76.8951,780.0,27.8,5.9"
"982,2025-10-19 19:42:04+05:30,17.6599,75.9064,480.7,118.1,3.2"
"983,2025-10-19 19:42:46+05:30,12.9716,77.5946,920.0,0.0,14.6"
"984,2025-10-19 19:43:28+05:30,14.3729,75.1475,605.8,67.7,6.5"
"985,2025-10-19 19:44:10+05:30,12.9698,77.7500,880.3,53.7,3.6"
"986,2025-10-19 19:44:52+05:30,15.1577,75.7677,590.1,0.0,12.9"
"987,2025-10-19 19:45:34+05:30,13.1979,74.7421,14.7,81.3,5.4"
"988,2025-10-19 19:46:16+05:30,16.2028,76.5333,410.6,79.0,7.1"
"989,2025-10-19 19:46:58+05:30,12.9833,76.1000,950.4,0.0,9.4"
"990,2025-10-19 19:47:40+05:30,14.8219,78.1158,350.9,109.6,4.0"
"991,2025-10-19 19:48:22+05:30,13.6288,77.3200,685.2,63.2,8.2"
"992,2025-10-19 19:49:04+05:30,12.5186,76.8951,780.0,30.4,5.8"
"993,2025-10-19 19:49:46+05:30,17.6599,75.9064,480.7,120.7,3.1"
"994,2025-10-19 19:50:28+05:30,12.9716,77.5946,920.0,0.0,14.7"
"995,2025-10-19 19:51:10+05:30,14.3729,75.1475,605.8,64.5,6.6"
"996,2025-10-19 19:51:52+05:30,12.9698,77.7500,880.3,57.3,3.5"
"997,2025-10-19 19:52:34+05:30,15.1577,75.7677,590.1,0.0,13.0"
"998,2025-10-19 19:53:16+05:30,13.1979,74.7421,14.7,77.9,5.5"
"999,2025-10-19 19:53:58+05:30,16.2028,76.5333,410.6,82.6,7.0"
"1000,2025-10-19 19:54:40+05:30,12.9833,76.1000,950.4,0.0,9.5"
